customer_id,full_name,email,phone,signup_date,source_system
CUST00000,Elizabeth Williams,richardsmith@example.com,001-841-838-4774,2026-07-20,crm
CUST00001,Nicholas Byrd,gfoster@example.com,(573)695-9032,2025-04-13,crm
CUST00002,Christopher Fisher,melissa91@example.com,+1-951-727-2745x75672,2025-04-01,crm
CUST00003,Patricia Johnson,jarvissarah@example.org,+1-435-420-1973,2024-08-31,crm
CUST00004,James Juarez,egardner@example.net,(207)322-2517,2025-03-23,crm
CUST00005,Angela Sosa,ryanroy@example.org,(312)357-4328x873,2025-11-15,crm
CUST00006,Dana Hernandez,kphillips@example.com,4549831557,2025-12-27,crm
CUST00007,Jesse Frazier,brandon87@example.com,521.512.8966x25234,2026-02-17,crm
CUST00008,Jeffrey Bell,nnelson@example.org,806-442-9394,2025-03-14,crm
CUST00009,Kyle Coleman,crystalbaker@example.org,+1-438-478-2228x7183,2024-08-03,crm
CUST00010,Elizabeth Murphy,kristen41@example.com,835-333-1847x09411,2024-07-26,crm
CUST00011,Heather Lee,brianwilson@example.com,301-332-8349x96444,2025-10-17,crm
CUST00012,Eric Burns,michaelhansen@example.org,+1-993-579-1188x94682,2026-06-15,crm
CUST00013,Jennifer Hunter,farleysteven@example.com,001-235-358-4359x75894,2026-04-12,crm
CUST00014,Ronald White,madison49@example.com,469-352-3525x14445,2024-10-19,crm
CUST00015,Sarah Brown,mariejones@example.org,906-793-5535,2025-01-01,crm
CUST00016,Jill Cain,glen90@example.org,(703)796-7247,2025-12-06,crm
CUST00017,Timothy Jackson,frank90@example.org,001-988-659-1898x045,2025-09-27,crm
CUST00018,Glenn Shaw,marcramirez@example.net,(862)291-7092,2025-04-29,crm
CUST00019,Maria Perry,cowens@example.com,879.978.8169x1674,2026-01-24,crm
CUST00020,Charles Clark,jeffreyadams@example.net,(391)290-3178x717,2025-05-19,crm
CUST00021,Rebecca Daniel,codywalton@example.net,(624)764-8449x08184,2024-12-20,crm
CUST00022,Jason Lucas,jessicahebert@example.org,(443)809-4687,2025-05-24,crm
CUST00023,Jacob Ruiz,mware@example.com,414-702-3018,2026-05-24,crm
CUST00024,Melissa Martinez,ronnie00@example.org,+1-816-703-4367,2024-12-02,crm
CUST00025,Erin Black,daniel50@example.com,969.371.8714x0929,2024-09-01,crm
CUST00026,Heather Perkins,randy39@example.com,+1-313-658-0032x03607,2026-03-20,crm
CUST00027,Stephen Ortiz,angelareid@example.org,7738958405,2024-07-26,crm
CUST00028,David Reilly,hcoleman@example.org,+1-484-305-7490x92828,2025-06-06,crm
CUST00029,Ryan Hill,mckinneyjake@example.org,243.588.8633x99789,2025-05-12,crm
CUST00030,Christine Alvarado,owensmaria@example.net,897-592-9861,2026-06-11,crm
CUST00031,David Ali,wrightearl@example.org,4094954311,2025-08-02,crm
CUST00032,Mary Farmer,raymond97@example.net,(872)974-9575x235,2024-10-10,crm
CUST00033,James Huff,natalie15@example.com,6217482032,2025-06-17,crm
CUST00034,Lori Lee,jsmith@example.com,6744803357,2024-10-22,crm
CUST00035,Tamara Paul,xgordon@example.com,342-873-5936x41404,2026-07-05,crm
CUST00036,Courtney Lee,nguyenashley@example.net,+1-983-712-9367x4998,2026-06-14,crm
CUST00037,Phillip Lopez,rosalesjeffrey@example.com,(376)759-3411x092,2025-04-16,crm
CUST00038,Valerie Austin,ucamacho@example.com,001-874-890-4374x72977,2025-04-16,crm
CUST00039,Cristian Phillips,kimberlydiaz@example.org,533-502-6963,2026-04-24,crm
CUST00040,Christian Mann,halltimothy@example.org,910.996.6184x9955,2025-05-14,crm
CUST00041,Kimberly Garcia,wilsonsarah@example.net,001-522-833-3108,2024-12-15,crm
CUST00042,Ashley Rowland,samantha63@example.net,604-469-5444x7537,2025-12-10,crm
CUST00043,Darren Richardson,chavezandrea@example.com,(865)887-9743x43950,2025-06-23,crm
CUST00044,Benjamin Hernandez,baileychad@example.org,+1-214-876-1489x79081,2025-07-19,crm
CUST00045,Sarah Green,lance47@example.com,619.353.2517x602,2026-03-31,crm
CUST00046,Carolyn White,jenniferholloway@example.net,907-861-4848x062,2026-03-08,crm
CUST00047,Peter Young,sheri04@example.net,774-738-3604,2026-02-24,crm
CUST00048,Marisa Cole,zkim@example.com,+1-286-408-4669x5504,2025-09-18,crm
CUST00049,Katrina Duran,robinsonjose@example.com,557-429-5486x296,2024-09-04,crm
CUST00050,Kyle Sanchez,sanchezkimberly@example.net,(817)394-7341x79369,2024-11-23,crm
CUST00051,Nathaniel Valdez,rnguyen@example.org,(552)715-1528,2025-05-28,crm
CUST00052,Michael Warner,sean81@example.com,(383)595-5901x425,2025-10-26,crm
CUST00053,Beth Gray,anita63@example.com,001-549-661-8112,2025-02-13,crm
CUST00054,Christopher Pierce,ngallagher@example.net,909.633.9077x33922,2024-11-24,crm
CUST00055,Nicole Wells,lcooper@example.net,814.910.1000,2025-07-23,crm
CUST00056,Anthony Klein,normansusan@example.com,335.620.8187,2025-07-24,crm
CUST00057,Megan Williams,benitezcheryl@example.org,661-814-5789x3858,2025-02-04,crm
CUST00058,Derek Hayden,jenniferellis@example.org,977-942-0467x692,2025-07-05,crm
CUST00059,Rachel Smith,corey85@example.com,225.383.6875,2024-12-30,crm
CUST00060,Meagan Mcfarland,stewartgregory@example.org,001-433-679-8711,2025-09-06,crm
CUST00061,Cheyenne Campbell,russell41@example.com,786.924.0378x3941,2025-10-11,crm
CUST00062,Monica Vazquez,robertojohnson@example.org,983-713-1655x939,2025-04-13,crm
CUST00063,Wayne Page,davidgay@example.org,495.924.0293x661,2024-09-28,crm
CUST00064,Stephanie Wright,mariamay@example.net,785-314-9059,2026-03-05,crm
CUST00065,Kimberly Garcia,riveramichelle@example.org,285.851.4769x7617,2026-07-19,crm
CUST00066,Anthony Jackson,jeffrey07@example.net,923.874.0718,2025-11-02,crm
CUST00067,Jeremy Freeman Jr.,yashley@example.com,680-500-8224,2025-09-12,crm
CUST00068,Tyler Flynn,matthewjackson@example.net,8563548822,2026-07-09,crm
CUST00069,Jason Thomas,shaweric@example.com,+1-639-599-4769,2026-03-22,crm
CUST00070,Sheri Hansen,lucas59@example.org,+1-743-240-2599x37221,2025-07-22,crm
CUST00071,Patrick Espinoza,kristinharris@example.com,+1-418-889-7197x2193,2026-06-16,crm
CUST00072,Nicole Jones,rhorton@example.com,+1-898-945-5378x313,2025-05-08,crm
CUST00073,Kevin Gonzalez,santiagomonica@example.com,287.439.5739x8844,2025-10-10,crm
CUST00074,Philip Alexander,yangchristina@example.net,(413)961-3142x6521,2025-03-17,crm
CUST00075,Zachary Duncan,dmaxwell@example.net,(981)771-8997x63643,2024-11-10,crm
CUST00076,Victor Reed,wendy75@example.com,(547)986-0483x6912,2025-08-20,crm
CUST00077,Stacy Banks,travis77@example.com,(606)481-9991x3248,2026-03-06,crm
CUST00078,Roger Wilkerson,lisa96@example.net,(671)651-6545,2025-04-20,crm
CUST00079,Angela Jensen,josephwheeler@example.org,589.617.0188,2026-05-24,crm
CUST00080,Julie Goodwin,beckermatthew@example.net,001-847-937-0180x532,2026-06-15,crm
CUST00081,Crystal Barron,floydtimothy@example.net,001-721-877-5762,2025-11-16,crm
CUST00082,Julia Zimmerman,zfowler@example.org,(668)394-9472x017,2025-02-27,crm
CUST00083,Daniel Banks,malonealexander@example.net,782.283.8023x964,2026-01-18,crm
CUST00084,Frank Ortiz,brendaford@example.net,001-371-761-0929x1548,2024-08-31,crm
CUST00085,Alyssa Lee,ndennis@example.com,655.205.3940x9526,2026-01-26,crm
CUST00086,Sandra Fernandez,spencerrichard@example.org,+1-912-643-0947x1677,2025-09-21,crm
CUST00087,Mrs. Victoria Sanders,brenda94@example.net,954.343.2311x28655,2024-09-14,crm
CUST00088,Lindsey Boyd,tuckerjason@example.com,779-233-0648x76460,2026-02-28,crm
CUST00089,Brandon Tate,mosessamantha@example.com,+1-778-214-6031x044,2025-08-18,crm
CUST00090,Mary Glenn,hughestracy@example.com,001-715-312-7280,2025-03-06,crm
CUST00091,Jason Moore,jodibailey@example.org,(714)586-9640x88055,2025-06-20,crm
CUST00092,Anthony Weaver,ronaldwashington@example.net,8994434948,2026-07-07,crm
CUST00093,Melissa Davies,iandrews@example.org,513.661.8612x1206,2025-11-17,crm
CUST00094,Laura Reed,wilsondorothy@example.net,001-794-245-9860x472,2025-12-06,crm
CUST00095,Kristine Schultz,elizabeth67@example.com,001-397-233-9305x373,2026-04-07,crm
CUST00096,Juan Houston,michaelmiller@example.net,9037788333,2026-03-02,crm
CUST00097,Kristen Benson,sjohnson@example.com,+1-566-675-4806,2026-03-18,crm
CUST00098,Matthew Gray,gregory36@example.org,247.388.7367x17528,2025-07-16,crm
CUST00099,Claudia Soto,jamesferguson@example.net,001-976-983-0573x96301,2026-05-23,crm
CUST00100,Jason Suarez MD,fbarker@example.org,001-541-884-5813x48512,2025-09-07,crm
CUST00101,Taylor Anderson,brendathompson@example.org,+1-451-760-1588,2026-05-12,crm
CUST00102,Diana Dunlap,melissa82@example.com,484.247.2841x6951,2025-10-26,crm
CUST00103,Leah Hammond,gayeddie@example.net,(740)933-0010,2026-01-12,crm
CUST00104,Danielle Hernandez,jcardenas@example.net,+1-611-565-9666,2024-12-12,crm
CUST00105,Jerry Morrison,wfuentes@example.com,420.768.2519,2025-05-22,crm
CUST00106,Elizabeth Holland,rchang@example.com,632.545.7337x79053,2026-02-27,crm
CUST00107,Anthony Walker,bgregory@example.net,284.975.1540,2024-11-20,crm
CUST00108,Howard Mccarty,chelseataylor@example.net,553.801.1557x025,2025-10-02,crm
CUST00109,Frank Bailey,parkssarah@example.com,769-666-7015x000,2025-01-30,crm
CUST00110,Cathy Blackwell,teresascott@example.com,726.496.6934,2025-08-18,crm
CUST00111,David Hart,karen16@example.net,234.573.4205x4993,2025-09-11,crm
CUST00112,Tracy Phelps,gware@example.org,914.995.4572x176,2025-05-29,crm
CUST00113,Wanda Robinson,walkermichelle@example.org,+1-380-808-5264,2026-01-01,crm
CUST00114,Matthew Webb,daisymolina@example.net,991.336.9509x1563,2025-12-30,crm
CUST00115,James Rivera,madison24@example.com,001-669-604-8903,2024-08-11,crm
CUST00116,Eric Oliver,cturner@example.com,(450)352-4777x56679,2025-06-15,crm
CUST00117,Christopher Moore,hamiltonsusan@example.com,+1-311-699-4447x4517,2025-11-23,crm
CUST00118,Daniel Sanders,yanderson@example.org,(389)609-5551,2026-03-21,crm
CUST00119,Tyler Jenkins,jacquelinewoods@example.net,327-408-5144x6441,2026-01-24,crm
CUST00120,Matthew Hall,flewis@example.org,970-234-6181x05566,2026-06-04,crm
CUST00121,Daniel Rodriguez,cthomas@example.org,001-516-803-0681x900,2026-07-22,crm
CUST00122,Alexander Nguyen,frank12@example.com,(586)740-5037x613,2025-05-12,crm
CUST00123,Sean Santana,matthew38@example.net,001-366-473-4949x3638,2026-02-18,crm
CUST00124,Deborah Clarke,linjon@example.com,349-386-8835x915,2025-04-12,crm
CUST00125,Isaac Mccoy,zgeorge@example.net,(632)810-4386,2026-03-10,crm
CUST00126,Tonya Ali,jeanette67@example.org,(663)893-9130x463,2025-09-11,crm
CUST00127,Juan Edwards,umatthews@example.org,+1-692-768-3867,2026-07-13,crm
CUST00128,Richard Davidson,alexander83@example.com,704-778-3981,2026-03-31,crm
CUST00129,Ryan Levy,stephen26@example.com,(316)453-0796x4736,2025-01-21,crm
CUST00130,Timothy Cruz,laurawhite@example.net,+1-407-684-3968,2024-12-28,crm
CUST00131,Joseph Kelly,egonzales@example.org,(692)716-1725,2025-11-01,crm
CUST00132,Wesley Carter,nbowman@example.net,538-791-2096x076,2025-07-16,crm
CUST00133,Joshua Archer,mcclainrobert@example.net,945.251.7873x3084,2025-07-18,crm
CUST00134,Charles Molina,twoods@example.net,(250)559-7702x008,2024-10-14,crm
CUST00135,Gabriela Simpson,pwhitaker@example.net,001-283-389-3868x451,2025-06-12,crm
CUST00136,Steve Lawrence,kennethcannon@example.net,(827)651-5461,2026-05-19,crm
CUST00137,Chelsey Walters,jonathanlewis@example.net,347.597.0717x7767,2024-11-13,crm
CUST00138,Alicia Joyce,melissa34@example.net,855.545.3565x4810,2026-07-24,crm
CUST00139,Richard Flynn,gravesheidi@example.org,7157635091,2026-01-27,crm
CUST00140,Robert Jarvis,popeeric@example.net,837.451.7855x485,2025-01-09,crm
CUST00141,Jamie Murphy,jjimenez@example.com,(690)417-5184,2026-01-04,crm
CUST00142,Devon Clayton,ischmitt@example.net,997.723.9405,2026-01-13,crm
CUST00143,Alan Strickland,foleylaura@example.com,272.605.0779x9671,2026-04-28,crm
CUST00144,Matthew Baker,lgilbert@example.com,001-551-630-7995x805,2026-06-09,crm
CUST00145,Monica Pearson,amy32@example.org,441.494.2054,2025-06-18,crm
CUST00146,Jody Garza,brodriguez@example.net,(746)214-0304,2024-07-28,crm
CUST00147,Kimberly Wilson,cgordon@example.net,954-544-5796x973,2025-03-07,crm
CUST00148,Yvonne Morris,megan31@example.com,(949)240-9728,2026-06-27,crm
CUST00149,Steven Mcbride,angelajones@example.org,832-325-6080,2026-04-25,crm
CUST00150,Amanda Warner,ijones@example.com,9446876374,2025-07-27,crm
CUST00151,Stephanie Atkinson,sramirez@example.org,001-626-622-6077x2949,2025-10-03,crm
CUST00152,Tiffany Nelson,rebekah36@example.net,001-644-277-3184x171,2026-05-16,crm
CUST00153,Alex Carter,cummingsalisha@example.com,276-357-3316,2024-11-20,crm
CUST00154,Lisa Ray,kstephenson@example.org,001-968-726-9333x6386,2025-03-29,crm
CUST00155,Dominique Hernandez,bradleylisa@example.net,444.384.4472x542,2025-01-04,crm
CUST00156,Jillian Anderson,nicholasroberts@example.org,001-798-810-9100x3737,2026-06-17,crm
CUST00157,Lisa Morris,wduarte@example.com,+1-604-943-8314,2026-07-15,crm
CUST00158,Brittany Graves,shawngreene@example.net,001-933-388-9358x50513,2026-01-05,crm
CUST00159,Jessica Perez,samanthaluna@example.org,+1-474-619-6850,2024-09-21,crm
CUST00160,Jesse Diaz,heathermooney@example.org,(510)884-5649x8639,2025-11-19,crm
CUST00161,Heather Holder,clarkbrian@example.com,(803)533-3065x16657,2025-08-24,crm
CUST00162,Ricky Holmes,jwatson@example.com,868-780-8543,2025-04-13,crm
CUST00163,Carrie Carpenter,amy36@example.com,001-884-825-9081x46436,2025-05-23,crm
CUST00164,Melissa Hall,april14@example.net,6848597730,2025-05-29,crm
CUST00165,Amanda Morton,lfranklin@example.com,331.380.9346,2025-01-21,crm
CUST00166,Kerri Smith,utownsend@example.org,001-478-715-0458,2025-08-21,crm
CUST00167,Amanda Turner,leenicole@example.org,(747)607-8965x142,2025-08-06,crm
CUST00168,Cody Roberson,tgarcia@example.net,285.301.2480,2025-03-29,crm
CUST00169,Erica Mcdonald,thomas48@example.com,(292)621-5199x8141,2024-10-17,crm
CUST00170,Anthony Edwards,robert77@example.net,436.428.8994x8062,2024-12-26,crm
CUST00171,Ryan Wood,rodriguezkevin@example.com,+1-405-884-2731x627,2025-01-10,crm
CUST00172,Michael Campbell,erin63@example.org,619.938.7053x919,2025-05-30,crm
CUST00173,Jessica Navarro,justinjohnson@example.com,+1-288-431-1342x59532,2026-01-24,crm
CUST00174,Sharon Marshall,melissadennis@example.net,354-610-3440x1319,2025-12-20,crm
CUST00175,Keith Silva,leonardstephen@example.com,001-340-807-1543x93876,2025-04-15,crm
CUST00176,Robert Vasquez II,gmartinez@example.com,3009948222,2026-06-23,crm
CUST00177,Danielle Contreras,agonzalez@example.com,870.439.4528x8306,2024-11-24,crm
CUST00178,Matthew Long,cooperamy@example.com,4913225314,2025-07-31,crm
CUST00179,Tony Cruz,thomashill@example.net,001-448-894-5678x5249,2025-01-10,crm
CUST00180,Tracie Sloan,jilldavis@example.org,(669)435-6139,2024-10-21,crm
CUST00181,Todd Gray,hullbrittany@example.net,896.575.3559,2025-12-02,crm
CUST00182,Melissa Davis,grimesdavid@example.net,816-678-7670x84374,2026-02-13,crm
CUST00183,Antonio Soto,kaylalee@example.net,+1-895-606-5535x9763,2025-03-31,crm
CUST00184,Jennifer Fisher,callen@example.org,541-922-0565,2026-04-02,crm
CUST00185,Matthew Kent,michaelewing@example.net,(467)697-2072,2025-05-15,crm
CUST00186,Cassie Huang,poncemargaret@example.com,869.892.3240x387,2025-05-08,crm
CUST00187,Jason Mathews,xli@example.org,(993)718-7690,2026-01-16,crm
CUST00188,Nicole Holmes,davidflores@example.net,7569188676,2025-12-06,crm
CUST00189,James Jones,isabella38@example.org,665.954.5996,2026-06-23,crm
CUST00190,Justin Burke,walkertracy@example.com,(636)399-6450x7019,2025-05-29,crm
CUST00191,Mr. Kyle Bryant,donaldpatrick@example.net,7055715913,2025-05-04,crm
CUST00192,Kristin Smith,jennifer62@example.net,+1-401-480-7443x932,2026-07-19,crm
CUST00193,Brian Gross,simpsonraymond@example.org,365.674.9756x35220,2025-09-05,crm
CUST00194,Lauren Goodman,haleymoran@example.com,+1-547-425-9966x95397,2026-04-01,crm
CUST00195,Bianca Olson,brandon52@example.com,743.395.8668x78552,2026-06-03,crm
CUST00196,Robert Vasquez,andersonstephanie@example.org,+1-508-715-5669,2026-04-17,crm
CUST00197,Luis Rogers,alyssagibbs@example.net,(706)623-3053,2025-07-29,crm
CUST00198,Joshua Hopkins,doughertyaustin@example.net,4824794985,2026-05-30,crm
CUST00199,Cathy Rosario,perrydavid@example.net,286-585-2179x91945,2025-04-02,crm
CUST00200,Francisco Hernandez,hmckay@example.net,878.415.3136,2024-10-19,crm
CUST00201,Christopher Villarreal,leesara@example.org,648.314.4612x56787,2026-07-09,crm
CUST00202,Christopher Hunt Jr.,matthewbarry@example.org,(724)702-7744,2026-04-21,crm
CUST00203,Jeffery Guzman,lmartin@example.net,001-393-272-2584x736,2025-08-23,crm
CUST00204,Amanda Rogers,bridgethernandez@example.com,2034193047,2024-09-28,crm
CUST00205,Jennifer Hernandez,angela45@example.org,8448015027,2025-04-16,crm
CUST00206,Dustin Johnson,adrienne65@example.net,(741)981-4198x46150,2024-09-01,crm
CUST00207,Mark Stewart,brendadavenport@example.com,533-262-4149x8464,2025-01-16,crm
CUST00208,Jeanne Perez,mrosario@example.net,001-401-376-1411x4963,2024-09-25,crm
CUST00209,Sean Allen,lauren25@example.net,312-652-4657x794,2025-05-23,crm
CUST00210,Samantha Spears,jeffreyshields@example.org,001-478-935-9390,2025-12-18,crm
CUST00211,Alexander Simon,daughertyrobert@example.org,704-297-6980x19069,2025-01-19,crm
CUST00212,Bradley Henson,kmcdonald@example.org,+1-260-766-6232,2025-06-08,crm
CUST00213,Jacob Patterson,fitzgeraldbrittany@example.net,+1-604-322-9223x3366,2026-05-16,crm
CUST00214,Christian Franco,taylordaniel@example.org,637.325.7362,2025-01-29,crm
CUST00215,Joyce Cook,gravesfrank@example.com,+1-450-768-2264x720,2024-07-25,crm
CUST00216,Michael Powers,laurenking@example.net,655-302-0807,2026-02-04,crm
CUST00217,Matthew Petersen,jennifersmith@example.com,001-986-890-3036x873,2025-09-28,crm
CUST00218,Kayla Park,hellis@example.net,001-774-246-5691x24357,2026-04-03,crm
CUST00219,Tina Franklin,jessicawhite@example.org,606-887-7984,2025-04-02,crm
CUST00220,Patricia Simon,jenniferandrade@example.net,001-293-657-5804x81699,2026-03-02,crm
CUST00221,David Sherman,maria37@example.net,334-664-5476,2025-02-14,crm
CUST00222,Kaylee Kim,david99@example.org,(724)700-1605,2025-04-19,crm
CUST00223,Dennis Barajas,chase30@example.org,599-695-6581,2026-03-23,crm
CUST00224,Michael Simon,arogers@example.net,792.616.1685x389,2025-11-20,crm
CUST00225,Robin Martinez,ashley31@example.net,563.646.9855,2026-01-11,crm
CUST00226,Holly Curry,robertmiller@example.com,890-957-0511x30707,2025-10-21,crm
CUST00227,Karen Pierce,umercer@example.org,206-296-1239x277,2026-02-23,crm
CUST00228,Rebecca Hudson,inichols@example.com,883.579.4357,2026-05-11,crm
CUST00229,Kristina Harris,erinhenry@example.net,846-661-9177x36455,2024-10-15,crm
CUST00230,Alexander Williams,williambradshaw@example.com,965-798-8449,2025-06-20,crm
CUST00231,Donald Riley,bradley51@example.com,+1-404-369-4050,2024-12-07,crm
CUST00232,Scott Campbell,amanda30@example.net,7033027162,2026-01-08,crm
CUST00233,Christopher Dickerson,kingdavid@example.org,3755408794,2025-11-12,crm
CUST00234,Michelle Smith,hayeslindsay@example.org,266-378-9131,2024-12-01,crm
CUST00235,Robert Fowler,davidbowen@example.com,998-688-2463,2025-09-11,crm
CUST00236,Terry Guerrero,andrea54@example.com,(735)322-6248,2024-09-23,crm
CUST00237,Rachael Cook,jessebailey@example.org,3747804095,2025-01-04,crm
CUST00238,Elizabeth Colon,soniaramirez@example.com,+1-632-688-0669x938,2026-06-11,crm
CUST00239,Chad Leonard,jlopez@example.org,988-479-8133x4882,2025-06-12,crm
CUST00240,Jessica Williams,ymarsh@example.net,829-449-1475x2773,2025-06-07,crm
CUST00241,Danielle Black,jenniferhull@example.com,7935312028,2025-01-20,crm
CUST00242,Daniel Bowman,stonechristopher@example.org,+1-398-350-3713x960,2026-01-04,crm
CUST00243,Brett Wright,vross@example.org,490.299.5008,2026-01-06,crm
CUST00244,John Pearson,tcross@example.net,(629)458-4015,2025-01-19,crm
CUST00245,Jeremy Henson,martinjohnny@example.com,(475)714-1569x54967,2025-02-17,crm
CUST00246,Kristen Bass,jordan86@example.net,700.326.2705,2025-04-03,crm
CUST00247,Jared Craig,rodriguezjesus@example.net,(930)573-1746x9293,2026-01-25,crm
CUST00248,Keith Rios,austin01@example.org,001-512-671-8358,2025-11-22,crm
CUST00249,Brian Jensen,yelliott@example.com,740-975-2414x2276,2026-07-10,crm
CUST00250,Austin Spencer,yandrews@example.org,001-257-397-1521x60325,2025-05-31,crm
CUST00251,Douglas Wilson,ryan24@example.org,001-551-203-3167x8913,2024-07-29,crm
CUST00252,Elizabeth Boyer,briannakim@example.net,724-734-7462x19196,2026-03-05,crm
CUST00253,Teresa Johnston,bradley33@example.com,(976)392-6009,2025-09-26,crm
CUST00254,Miguel Johnson,ksummers@example.org,(411)747-3866x1627,2025-05-21,crm
CUST00255,Kevin Floyd,davidmurillo@example.com,778.945.0171,2024-09-27,crm
CUST00256,Brianna Stone,moralesjose@example.com,(334)246-7697x35124,2025-01-12,crm
CUST00257,Danielle Morton,marc80@example.org,683.508.9918x974,2025-02-12,crm
CUST00258,Stephanie Trevino,melissa84@example.org,001-948-236-1339,2025-05-23,crm
CUST00259,Kaitlyn Bush,epalmer@example.org,+1-384-285-1585x52634,2025-08-19,crm
CUST00260,Sandra Lee,teresa88@example.com,(401)292-5531x1002,2024-09-12,crm
CUST00261,Mitchell Watson,danielphillip@example.com,(961)672-5500,2024-09-01,crm
CUST00262,Lauren Reynolds,nroberts@example.org,(691)436-2187,2025-08-31,crm
CUST00263,Monica Burnett,jacksonmichael@example.net,(295)867-9141x243,2025-04-29,crm
CUST00264,Krystal Flores,krista35@example.com,+1-620-465-7990x9493,2025-05-08,crm
CUST00265,Heather Stephens,brian70@example.org,916-657-5149x57478,2025-03-29,crm
CUST00266,Rachel Michael,kenneth75@example.org,490-749-2268x16802,2025-06-23,crm
CUST00267,Kelly Rivera,james92@example.com,(235)651-2938,2024-08-17,crm
CUST00268,Christopher Nicholson,millerjeffrey@example.org,(329)301-2940,2025-03-26,crm
CUST00269,Debbie Jordan,grantteresa@example.com,+1-322-912-8258x02298,2024-07-30,crm
CUST00270,Eric Beltran,derrick56@example.org,001-333-645-9697x2704,2025-01-26,crm
CUST00271,Kathleen Goodwin,amanda40@example.net,(909)212-3738,2025-10-11,crm
CUST00272,John Liu,taylorcraig@example.net,968-206-8254x6239,2025-08-22,crm
CUST00273,Monica Porter,coryfrazier@example.net,310-484-4128x07885,2025-07-02,crm
CUST00274,Sydney Oneal,ritablevins@example.org,646-219-7751x38013,2026-05-20,crm
CUST00275,Tara Morales,melissaduncan@example.org,+1-954-991-1117x49639,2024-12-17,crm
CUST00276,Kimberly Wilson,johnsonchristina@example.com,001-836-925-9904x622,2026-05-07,crm
CUST00277,Megan Humphrey,jensensteven@example.net,(869)498-0355x105,2025-07-25,crm
CUST00278,Robin Saunders,danielingram@example.org,(383)407-0230,2026-03-04,crm
CUST00279,Dustin Davidson,jamesdale@example.com,(824)973-9455,2025-10-12,crm
CUST00280,Manuel Webster,alynch@example.net,580-546-0565x79886,2024-09-02,crm
CUST00281,Joy Carey,amy54@example.net,7596322157,2024-10-30,crm
CUST00282,Yolanda Gonzalez,hammondkurt@example.com,+1-234-835-1579,2026-01-24,crm
CUST00283,Ryan Burch,justin21@example.net,933.949.9814x594,2026-05-27,crm
CUST00284,Melinda Cabrera,kevinlong@example.org,+1-513-427-3355x824,2025-11-30,crm
CUST00285,Ralph Morris,troydaniels@example.com,001-318-319-2477,2025-01-26,crm
CUST00286,Anthony Ellis,xballard@example.org,+1-969-564-5054x4138,2025-05-07,crm
CUST00287,Joseph Miles,lthornton@example.net,886.410.1924x4723,2024-11-24,crm
CUST00288,Melissa Esparza,robert67@example.com,263.874.1082x430,2024-09-16,crm
CUST00289,Jennifer Le,carterchase@example.org,780-863-6652x089,2026-04-19,crm
CUST00290,James Smith Jr.,michael32@example.net,+1-714-789-9211x31650,2025-06-06,crm
CUST00291,Mark Lopez,dhall@example.org,001-383-663-4557x9993,2025-01-31,crm
CUST00292,Joshua Perkins,louis80@example.com,939-313-3471x277,2025-03-03,crm
CUST00293,April Smith,walkerthomas@example.net,759-842-1698x352,2025-09-27,crm
CUST00294,Frank Hanna,grahammichelle@example.org,001-732-721-2907x9215,2025-09-21,crm
CUST00295,Ryan Carlson,smithtyler@example.com,+1-384-394-1252x5234,2025-10-18,crm
CUST00296,Sarah Knight,ashley36@example.com,318-699-1361x2154,2025-11-30,crm
CUST00297,Lorraine Anderson,james38@example.net,(608)813-5617x7184,2024-08-08,crm
CUST00298,Cindy Ward,janet78@example.com,460-727-1985,2025-08-30,crm
CUST00299,David West,amyturner@example.org,6788879095,2026-07-10,crm
