order_item_id,order_id,product_name,quantity,unit_price
OI000000,ORD000000,Beat Inside,1,149.6
OI000001,ORD000001,Place Deep,3,148.61
OI000002,ORD000001,Include Wonder,3,149.43
OI000003,ORD000002,Attention Range,1,10.81
OI000004,ORD000003,Season Suffer,3,122.39
OI000005,ORD000003,Much Film,3,43.77
OI000006,ORD000003,Together Job,2,141.76
OI000007,ORD000003,Make Street,3,47.99
OI000008,ORD000003,Ahead Guy,1,59.25
OI000009,ORD000004,Heavy Detail,1,59.18
OI000010,ORD000004,Sister Play,2,191.66
OI000011,ORD000004,Sign Wish,2,24.93
OI000012,ORD000005,Car Choose,3,170.26
OI000013,ORD000005,Anyone Couple,1,56.58
OI000014,ORD000005,Us Anything,3,147.3
OI000015,ORD000006,Region They,2,20.37
OI000016,ORD000006,Huge Will,3,166.73
OI000017,ORD000006,Alone Experience,2,177.66
OI000018,ORD000006,Spring Mean,3,117.58
OI000019,ORD000007,Moment Career,2,133.95
OI000020,ORD000008,Region Early,2,173.96
OI000021,ORD000008,Training Soon,3,59.2
OI000022,ORD000009,Decide Own,1,77.19
OI000023,ORD000009,Audience After,3,135.68
OI000024,ORD000010,Ability Crime,3,128.82
OI000025,ORD000010,Way Great,1,147.18
OI000026,ORD000010,Scientist Statement,2,95.14
OI000027,ORD000010,Experience Structure,3,197.96
OI000028,ORD000010,Thought Commercial,1,139.19
OI000029,ORD000011,When Film,1,49.66
OI000030,ORD000012,Clear Specific,1,57.21
OI000031,ORD000012,Oil Occur,3,183.06
OI000032,ORD000012,Surface Quality,2,175.89
OI000033,ORD000012,Ok Either,2,46.46
OI000034,ORD000013,Situation Find,1,32.86
OI000035,ORD000013,Both I,3,53.09
OI000036,ORD000013,Sound Possible,3,110.1
OI000037,ORD000013,Until Answer,3,118.99
OI000038,ORD000014,Town Member,1,104.36
OI000039,ORD000014,Actually Inside,1,152.38
OI000040,ORD000015,Act Set,2,121.3
OI000041,ORD000015,Trip International,2,79.42
OI000042,ORD000015,High Since,3,108.18
OI000043,ORD000015,Treatment Nor,1,172.85
OI000044,ORD000016,Bank Develop,3,151.42
OI000045,ORD000016,Key Partner,2,71.33
OI000046,ORD000016,Protect Guy,2,89.78
OI000047,ORD000016,Congress Thus,3,5.63
OI000048,ORD000016,Mr Nice,2,175.79
OI000049,ORD000017,Charge Under,3,182.96
OI000050,ORD000017,Front National,3,63.2
OI000051,ORD000017,Top Heart,1,103.99
OI000052,ORD000017,Prevent Safe,1,34.8
OI000053,ORD000017,Western In,3,110.18
OI000054,ORD000018,Leader Board,1,68.21
OI000055,ORD000018,Yeah Hundred,2,26.81
OI000056,ORD000018,Clear Experience,2,176.35
OI000057,ORD000018,They Total,1,51.69
OI000058,ORD000018,Capital Pull,1,176.21
OI000059,ORD000019,Today Stop,3,195.71
OI000060,ORD000020,Live Site,3,133.65
OI000061,ORD000020,Ability Something,3,37.2
OI000062,ORD000021,Professor Catch,3,186.14
OI000063,ORD000021,Husband Popular,3,139.52
OI000064,ORD000022,Affect War,3,90.43
OI000065,ORD000022,Manage Put,1,93.04
OI000066,ORD000022,Food Reduce,2,48.82
OI000067,ORD000023,It From,1,119.75
OI000068,ORD000023,They Cause,3,18.84
OI000069,ORD000024,Executive Race,1,18.14
OI000070,ORD000024,World Animal,1,172.63
OI000071,ORD000025,Consider Bill,1,46.78
OI000072,ORD000025,Owner Year,3,146.05
OI000073,ORD000025,Thought Month,1,117.36
OI000074,ORD000025,Budget Address,2,158.0
OI000075,ORD000026,Mother Those,2,87.6
OI000076,ORD000026,It Major,1,173.45
OI000077,ORD000026,Base Production,3,136.31
OI000078,ORD000027,Right Lot,2,83.51
OI000079,ORD000028,Agent Form,1,109.58
OI000080,ORD000028,Cover Student,2,87.27
OI000081,ORD000029,Voice Measure,3,91.41
OI000082,ORD000030,Bank Sure,1,193.95
OI000083,ORD000031,Very Sing,1,99.7
OI000084,ORD000031,Know Room,1,173.61
OI000085,ORD000031,Suffer Data,1,37.1
OI000086,ORD000031,Government Stuff,2,197.14
OI000087,ORD000032,Model Policy,3,87.49
OI000088,ORD000032,Wonder Take,3,199.11
OI000089,ORD000032,Image Rich,2,134.06
OI000090,ORD000033,See Among,1,62.86
OI000091,ORD000033,Rather Woman,3,117.94
OI000092,ORD000034,Establish When,3,16.15
OI000093,ORD000034,Movement Mind,3,97.97
OI000094,ORD000034,Whose Both,3,35.7
OI000095,ORD000035,Stay Perform,3,121.03
OI000096,ORD000036,Building Wall,3,28.38
OI000097,ORD000036,Low Table,3,53.01
OI000098,ORD000036,Popular Per,1,12.75
OI000099,ORD000036,Beyond Race,3,86.75
OI000100,ORD000037,Spend Area,2,66.69
OI000101,ORD000037,Beat Win,3,44.83
OI000102,ORD000037,One Employee,2,66.27
OI000103,ORD000037,Human Hotel,3,82.18
OI000104,ORD000037,Experience Same,2,130.87
OI000105,ORD000038,Appear Plan,3,6.82
OI000106,ORD000039,Last Positive,1,19.29
OI000107,ORD000040,Meet Phone,2,30.83
OI000108,ORD000040,Whole Feel,1,176.77
OI000109,ORD000040,Mind Bed,1,77.06
OI000110,ORD000041,Almost Difficult,3,124.28
OI000111,ORD000041,Scene Research,3,108.14
OI000112,ORD000041,See Trouble,2,164.34
OI000113,ORD000042,Stock Hear,1,56.57
OI000114,ORD000042,Cover How,1,149.77
OI000115,ORD000043,Clearly Night,3,122.94
OI000116,ORD000043,Woman Last,3,71.86
OI000117,ORD000043,Tv Customer,2,128.68
OI000118,ORD000044,Cause Strong,2,23.0
OI000119,ORD000045,Land Quickly,2,129.24
OI000120,ORD000045,Certain History,2,36.51
OI000121,ORD000046,While Story,1,6.89
OI000122,ORD000046,Soldier Television,3,189.28
OI000123,ORD000046,Air Hear,3,181.27
OI000124,ORD000046,This Relate,2,12.03
OI000125,ORD000046,Teacher Person,1,118.59
OI000126,ORD000047,Who Edge,2,13.16
OI000127,ORD000047,Field Southern,1,180.3
OI000128,ORD000048,Hope Important,2,135.05
OI000129,ORD000048,Student Where,2,157.12
OI000130,ORD000049,Anyone Common,1,173.6
OI000131,ORD000049,Purpose Shoulder,1,176.88
OI000132,ORD000050,Admit Member,2,157.57
OI000133,ORD000050,Sit Participant,3,161.44
OI000134,ORD000050,Each World,2,163.1
OI000135,ORD000051,Fine Money,1,79.6
OI000136,ORD000052,Husband Prevent,2,43.92
OI000137,ORD000052,Away Morning,1,73.18
OI000138,ORD000053,Factor Certain,1,59.33
OI000139,ORD000053,Fund Entire,2,193.54
OI000140,ORD000053,That Air,3,73.47
OI000141,ORD000054,Always Drug,1,69.57
OI000142,ORD000054,View Blue,2,27.49
OI000143,ORD000054,Ok Total,2,39.82
OI000144,ORD000054,Available Nice,3,12.46
OI000145,ORD000054,Campaign Girl,3,89.74
OI000146,ORD000055,Provide Fast,3,123.21
OI000147,ORD000055,Network Save,3,27.55
OI000148,ORD000055,Father Study,1,42.07
OI000149,ORD000055,We Success,1,143.21
OI000150,ORD000056,Maintain Let,3,138.94
OI000151,ORD000056,Capital Fast,1,148.72
OI000152,ORD000056,Third Discover,1,76.02
OI000153,ORD000056,Structure Movement,2,190.03
OI000154,ORD000056,Run Consumer,3,126.52
OI000155,ORD000057,Owner Car,3,103.89
OI000156,ORD000057,Improve Item,2,84.64
OI000157,ORD000057,Deal Apply,3,140.96
OI000158,ORD000058,Idea Can,2,86.99
OI000159,ORD000058,Toward Into,1,137.08
OI000160,ORD000059,Represent Something,1,111.85
OI000161,ORD000059,Pull South,1,64.26
OI000162,ORD000059,Add Never,3,88.83
OI000163,ORD000059,Together Maybe,2,123.3
OI000164,ORD000060,Cup Lot,1,91.22
OI000165,ORD000060,Sea Movement,3,104.68
OI000166,ORD000060,Purpose Call,1,38.09
OI000167,ORD000060,Network Executive,3,60.34
OI000168,ORD000061,Rise Live,1,136.2
OI000169,ORD000061,Tend Beat,1,162.28
OI000170,ORD000062,Civil Hold,1,170.7
OI000171,ORD000062,Should Drug,3,93.81
OI000172,ORD000062,Pm Vote,3,117.26
OI000173,ORD000062,Voice Increase,2,140.79
OI000174,ORD000062,Operation Tree,1,82.93
OI000175,ORD000063,Property Improve,1,156.79
OI000176,ORD000064,Level Hand,3,95.59
OI000177,ORD000064,Main Choice,1,53.59
OI000178,ORD000064,She True,2,94.01
OI000179,ORD000064,Question Hospital,3,135.18
OI000180,ORD000064,Spring Student,2,121.11
OI000181,ORD000065,Property Direction,3,88.21
OI000182,ORD000065,Religious Interest,1,91.95
OI000183,ORD000065,Service Just,2,150.01
OI000184,ORD000065,Full Surface,1,92.76
OI000185,ORD000065,Less Buy,2,168.77
OI000186,ORD000066,Five Herself,2,127.22
OI000187,ORD000066,According Give,3,90.78
OI000188,ORD000066,Debate Identify,2,60.72
OI000189,ORD000066,Clear Section,3,70.49
OI000190,ORD000067,Only Audience,1,79.69
OI000191,ORD000067,Perform Baby,1,142.75
OI000192,ORD000068,May Firm,1,95.86
OI000193,ORD000068,Hot Machine,2,45.33
OI000194,ORD000068,You Small,3,80.95
OI000195,ORD000068,Itself Visit,1,189.48
OI000196,ORD000068,Suggest Late,3,172.06
OI000197,ORD000069,Work American,2,63.23
OI000198,ORD000069,Leader Ready,2,171.42
OI000199,ORD000069,Attention Discuss,3,109.95
OI000200,ORD000070,Affect Parent,2,100.2
OI000201,ORD000070,Product Record,1,89.99
OI000202,ORD000071,Drive Region,2,135.43
OI000203,ORD000071,Ability Media,2,146.22
OI000204,ORD000071,Bring Determine,3,184.31
OI000205,ORD000072,After Position,1,134.28
OI000206,ORD000072,Become Later,1,130.34
OI000207,ORD000072,Your Individual,1,174.04
OI000208,ORD000072,Purpose Game,2,14.81
OI000209,ORD000072,Open Country,2,68.83
OI000210,ORD000073,Account Learn,2,59.26
OI000211,ORD000073,Weight Cover,1,54.19
OI000212,ORD000073,Chance Data,3,96.71
OI000213,ORD000073,Body Stop,2,110.19
OI000214,ORD000074,Far Item,1,152.08
OI000215,ORD000075,Many Blood,1,126.16
OI000216,ORD000076,Standard Watch,1,114.97
OI000217,ORD000077,Entire Ask,3,37.72
OI000218,ORD000077,Surface Mind,3,192.93
OI000219,ORD000077,Institution Particular,1,27.33
OI000220,ORD000078,Drop Address,2,117.84
OI000221,ORD000079,Result Nor,3,82.35
OI000222,ORD000079,Can Couple,3,43.67
OI000223,ORD000079,Whether Claim,3,139.67
OI000224,ORD000079,Level Response,3,52.36
OI000225,ORD000080,Phone Decision,3,162.08
OI000226,ORD000080,Discussion Guy,2,157.61
OI000227,ORD000080,Rock Free,3,108.89
OI000228,ORD000080,Reduce Manager,3,77.26
OI000229,ORD000080,Ever Reason,1,131.27
OI000230,ORD000081,Away Continue,2,89.54
OI000231,ORD000082,Laugh Usually,3,89.92
OI000232,ORD000082,Knowledge Crime,3,106.74
OI000233,ORD000083,Room Lay,3,162.6
OI000234,ORD000083,Bill Become,2,156.06
OI000235,ORD000083,Attack Story,3,89.94
OI000236,ORD000083,Tax Painting,2,120.53
OI000237,ORD000083,Drive But,1,171.08
OI000238,ORD000084,Health Term,3,151.34
OI000239,ORD000084,Its Memory,2,124.01
OI000240,ORD000085,Machine College,2,101.39
OI000241,ORD000086,Successful Quality,2,46.36
OI000242,ORD000086,Others Little,3,71.37
OI000243,ORD000086,Cover Republican,2,141.73
OI000244,ORD000086,Economic Would,3,113.38
OI000245,ORD000087,Shoulder Claim,1,113.26
OI000246,ORD000087,Company Seek,3,139.67
OI000247,ORD000087,Executive Build,2,143.81
OI000248,ORD000087,Though Leader,1,159.62
OI000249,ORD000088,Represent Sure,1,83.86
OI000250,ORD000088,Law Speak,3,64.71
OI000251,ORD000089,College Work,3,72.03
OI000252,ORD000089,Music Common,2,112.33
OI000253,ORD000089,Church Recent,2,142.06
OI000254,ORD000089,National Radio,1,64.79
OI000255,ORD000089,Management Case,1,28.53
OI000256,ORD000090,Friend Ever,3,190.42
OI000257,ORD000090,Against International,1,41.1
OI000258,ORD000090,Read Again,2,149.03
OI000259,ORD000090,Hope Sister,3,146.29
OI000260,ORD000090,Movement Second,1,121.37
OI000261,ORD000091,Thousand Approach,1,39.99
OI000262,ORD000091,Number Learn,1,143.06
OI000263,ORD000091,General Dark,1,58.49
OI000264,ORD000092,Under Nearly,2,129.38
OI000265,ORD000092,Create Almost,1,25.0
OI000266,ORD000093,Apply Off,1,90.89
OI000267,ORD000093,Avoid Contain,2,193.27
OI000268,ORD000093,Today Fast,2,188.51
OI000269,ORD000093,Peace Place,1,27.25
OI000270,ORD000094,Two Ten,1,127.74
OI000271,ORD000094,Tv They,3,34.59
OI000272,ORD000094,Sea Reality,1,190.08
OI000273,ORD000094,Concern More,1,198.81
OI000274,ORD000094,Go Economy,2,113.82
OI000275,ORD000095,Use Tough,3,49.01
OI000276,ORD000095,Protect Long,2,79.17
OI000277,ORD000095,Manage No,3,62.98
OI000278,ORD000095,Like Language,2,198.06
OI000279,ORD000095,Subject House,1,115.88
OI000280,ORD000096,American Number,1,189.78
OI000281,ORD000097,Race Record,1,35.63
OI000282,ORD000098,Why People,1,96.63
OI000283,ORD000098,Actually So,3,50.14
OI000284,ORD000098,Human Policy,2,60.13
OI000285,ORD000098,Technology Throw,1,18.88
OI000286,ORD000098,Risk Training,3,185.16
OI000287,ORD000099,Road Issue,3,87.9
OI000288,ORD000099,Free Base,1,48.84
OI000289,ORD000100,Rather Soon,1,18.92
OI000290,ORD000100,Draw Before,3,159.56
OI000291,ORD000101,Lay Easy,3,29.25
OI000292,ORD000101,Figure Fire,2,64.3
OI000293,ORD000101,Particularly Both,3,188.82
OI000294,ORD000101,Item Author,2,110.3
OI000295,ORD000102,Leg Husband,2,12.77
OI000296,ORD000102,Year Leave,3,148.23
OI000297,ORD000102,Line Help,1,53.82
OI000298,ORD000102,Line Me,3,49.64
OI000299,ORD000102,Best American,3,168.01
OI000300,ORD000103,Positive Institution,3,199.92
OI000301,ORD000104,She Simply,3,96.75
OI000302,ORD000104,Than New,2,91.23
OI000303,ORD000105,Here Present,2,90.0
OI000304,ORD000105,Human Her,2,193.97
OI000305,ORD000105,Bad Western,2,72.85
OI000306,ORD000105,Window Believe,1,67.61
OI000307,ORD000105,Support Recently,2,172.26
OI000308,ORD000106,Writer Level,2,134.2
OI000309,ORD000106,Call Security,3,163.65
OI000310,ORD000106,Card But,1,12.16
OI000311,ORD000107,Their Important,2,68.04
OI000312,ORD000107,Various Natural,1,173.66
OI000313,ORD000107,Successful Last,3,133.24
OI000314,ORD000108,Realize Kitchen,3,106.1
OI000315,ORD000108,Seven Life,3,152.51
OI000316,ORD000109,Across Particular,1,57.08
OI000317,ORD000109,Mind Resource,2,185.9
OI000318,ORD000110,Attack Try,3,10.63
OI000319,ORD000111,Politics Help,1,65.6
OI000320,ORD000111,Involve Across,1,112.69
OI000321,ORD000112,Law Fly,1,94.98
OI000322,ORD000113,Red Make,2,104.23
OI000323,ORD000113,Want Involve,2,86.02
OI000324,ORD000113,Level Since,1,196.15
OI000325,ORD000114,Discuss Moment,3,42.17
OI000326,ORD000114,Give Hear,1,104.11
OI000327,ORD000114,Total Organization,2,173.49
OI000328,ORD000114,Natural Beat,2,155.67
OI000329,ORD000115,Article Entire,1,57.1
OI000330,ORD000115,Sister Company,2,60.15
OI000331,ORD000115,Movie Budget,3,168.31
OI000332,ORD000115,Teacher North,2,199.79
OI000333,ORD000115,Customer Remain,2,173.73
OI000334,ORD000116,Form White,3,112.62
OI000335,ORD000116,Ahead Forward,2,78.56
OI000336,ORD000116,Right Student,3,174.57
OI000337,ORD000117,Resource Approach,2,171.92
OI000338,ORD000117,Assume Although,3,13.51
OI000339,ORD000118,Deep Ok,3,80.29
OI000340,ORD000118,Mr Hospital,3,159.52
OI000341,ORD000118,Part Under,2,196.26
OI000342,ORD000118,Fact Suffer,1,193.14
OI000343,ORD000119,Past Special,2,174.59
OI000344,ORD000119,Blue Student,2,24.44
OI000345,ORD000119,Our Voice,1,7.99
OI000346,ORD000120,Probably Any,2,19.59
OI000347,ORD000120,Like Theory,3,71.02
OI000348,ORD000121,Front Fire,3,171.09
OI000349,ORD000122,President Edge,3,191.06
OI000350,ORD000122,Community Wind,2,145.15
OI000351,ORD000122,About Respond,1,175.11
OI000352,ORD000122,Human Throw,1,125.4
OI000353,ORD000123,Let Local,2,150.62
OI000354,ORD000123,Us Time,3,195.78
OI000355,ORD000124,Of Have,1,181.17
OI000356,ORD000124,Keep Memory,1,68.25
OI000357,ORD000124,Deal Wall,2,62.21
OI000358,ORD000125,Place Quality,3,85.35
OI000359,ORD000125,Painting Item,1,159.54
OI000360,ORD000125,Treatment Since,3,39.14
OI000361,ORD000125,Then Happen,3,174.81
OI000362,ORD000125,Current Sit,2,138.21
OI000363,ORD000126,Response Style,2,129.39
OI000364,ORD000126,Send Notice,1,54.79
OI000365,ORD000126,Star Partner,2,180.29
OI000366,ORD000126,Debate Shoulder,3,180.74
OI000367,ORD000127,Successful Force,3,189.32
OI000368,ORD000127,See Research,2,63.34
OI000369,ORD000127,Option True,2,139.61
OI000370,ORD000127,Base During,1,169.83
OI000371,ORD000128,Read Arm,3,51.26
OI000372,ORD000129,Present Lose,3,62.7
OI000373,ORD000129,Exactly High,3,62.57
OI000374,ORD000129,Deep Build,1,82.18
OI000375,ORD000129,Reflect Truth,3,115.36
OI000376,ORD000129,Guy Some,1,156.77
OI000377,ORD000130,Child Into,2,167.4
OI000378,ORD000130,Hundred Produce,1,156.27
OI000379,ORD000130,Million Agency,2,123.38
OI000380,ORD000130,Modern Second,1,47.71
OI000381,ORD000131,Teacher Themselves,3,127.51
OI000382,ORD000131,Past List,2,131.04
OI000383,ORD000132,Help Man,2,22.58
OI000384,ORD000132,Growth Level,2,68.71
OI000385,ORD000133,With Mother,2,175.91
OI000386,ORD000133,Could Where,2,108.52
OI000387,ORD000133,Production Two,2,166.94
OI000388,ORD000133,These Again,2,183.24
OI000389,ORD000133,Participant Ever,2,193.64
OI000390,ORD000134,Leader Long,1,192.76
OI000391,ORD000134,Green Treat,1,152.06
OI000392,ORD000134,Seek When,3,172.73
OI000393,ORD000134,Should Will,2,136.51
OI000394,ORD000135,Why Former,2,22.61
OI000395,ORD000135,Model Recently,3,7.71
OI000396,ORD000135,Quality Energy,2,29.1
OI000397,ORD000136,Fly Guess,3,79.3
OI000398,ORD000136,Loss As,1,188.36
OI000399,ORD000136,Similar Well,2,136.59
OI000400,ORD000136,A Knowledge,3,9.88
OI000401,ORD000136,Seek Performance,3,68.96
OI000402,ORD000137,Here American,2,182.33
OI000403,ORD000137,Yes Others,1,131.6
OI000404,ORD000137,Home Night,1,32.26
OI000405,ORD000137,Full Rule,2,64.35
OI000406,ORD000138,High Person,3,50.79
OI000407,ORD000139,Agent Successful,3,135.74
OI000408,ORD000139,He You,3,140.81
OI000409,ORD000139,Moment You,3,86.73
OI000410,ORD000140,Same More,3,167.57
OI000411,ORD000141,Continue Approach,2,11.38
OI000412,ORD000141,Alone Continue,2,47.37
OI000413,ORD000141,Individual Improve,2,190.36
OI000414,ORD000142,Story Drop,3,111.17
OI000415,ORD000142,Car Be,2,74.94
OI000416,ORD000142,Seven Education,1,58.8
OI000417,ORD000143,Trip Measure,1,194.36
OI000418,ORD000143,Institution Attorney,1,158.42
OI000419,ORD000143,With Whatever,3,197.82
OI000420,ORD000143,Why Make,3,45.02
OI000421,ORD000143,Scene Theory,1,45.4
OI000422,ORD000144,Parent Note,3,158.79
OI000423,ORD000144,Talk Office,1,5.55
OI000424,ORD000145,National Throw,1,26.44
OI000425,ORD000145,Political Worry,2,30.7
OI000426,ORD000146,See Wonder,1,68.14
OI000427,ORD000146,There Staff,1,56.75
OI000428,ORD000146,Society Candidate,3,149.64
OI000429,ORD000146,One Campaign,1,27.16
OI000430,ORD000146,Shoulder Day,2,97.87
OI000431,ORD000147,Sense Fly,3,103.25
OI000432,ORD000147,Forget News,3,13.46
OI000433,ORD000147,Public Say,2,106.68
OI000434,ORD000147,Nature Require,1,130.45
OI000435,ORD000148,Bit You,2,170.22
OI000436,ORD000148,Film Have,2,138.79
OI000437,ORD000148,Air Anyone,2,143.92
OI000438,ORD000148,Ability Though,1,19.33
OI000439,ORD000149,Side President,3,29.61
OI000440,ORD000150,Assume Development,2,143.87
OI000441,ORD000150,Gas Professor,3,198.95
OI000442,ORD000150,Green Research,3,62.51
OI000443,ORD000150,Leg Security,1,123.06
OI000444,ORD000150,Arrive Offer,1,159.65
OI000445,ORD000151,Indicate National,1,88.86
OI000446,ORD000151,Something Book,2,85.69
OI000447,ORD000152,List Action,2,147.27
OI000448,ORD000152,Entire Identify,3,88.22
OI000449,ORD000152,By Reach,1,54.7
OI000450,ORD000152,In Oil,2,138.93
OI000451,ORD000153,Professional Southern,3,163.3
OI000452,ORD000153,Mrs Despite,3,16.7
OI000453,ORD000153,Finally Identify,3,114.53
OI000454,ORD000154,Quite Sea,3,174.28
OI000455,ORD000154,Specific Who,2,15.03
OI000456,ORD000154,Nothing Item,2,122.08
OI000457,ORD000154,Week Little,3,25.2
OI000458,ORD000155,Impact Live,1,48.73
OI000459,ORD000155,Animal Though,3,73.27
OI000460,ORD000155,Growth How,2,76.67
OI000461,ORD000155,Each Account,2,116.95
OI000462,ORD000156,Lawyer Machine,3,124.65
OI000463,ORD000156,Product Employee,3,113.56
OI000464,ORD000156,Add Improve,3,186.17
OI000465,ORD000156,Fact Understand,1,57.15
OI000466,ORD000156,Study Reason,2,58.29
OI000467,ORD000157,Talk Base,1,6.19
OI000468,ORD000157,Whatever Bed,2,115.43
OI000469,ORD000157,Herself Quality,3,18.57
OI000470,ORD000158,Camera Spring,1,150.49
OI000471,ORD000159,Discuss Religious,1,93.46
OI000472,ORD000159,Organization Drive,3,77.16
OI000473,ORD000159,Above Role,3,68.25
OI000474,ORD000159,Run Street,1,121.26
OI000475,ORD000160,Cover Increase,1,152.11
OI000476,ORD000160,Surface Industry,2,136.42
OI000477,ORD000161,Language Better,2,123.38
OI000478,ORD000161,Information Do,3,58.27
OI000479,ORD000161,Determine Physical,2,27.19
OI000480,ORD000161,Support Right,3,26.62
OI000481,ORD000162,Consumer Us,2,107.75
OI000482,ORD000162,Theory Tend,2,13.86
OI000483,ORD000162,Play Decide,1,196.97
OI000484,ORD000162,Anything Not,2,6.5
OI000485,ORD000163,Season Situation,1,61.44
OI000486,ORD000163,Want Blue,3,6.51
OI000487,ORD000163,Feeling Word,1,88.98
OI000488,ORD000164,Clear Necessary,3,142.22
OI000489,ORD000164,Change Wonder,3,113.95
OI000490,ORD000164,Them Write,1,162.21
OI000491,ORD000164,Result Bag,3,82.43
OI000492,ORD000164,Create Vote,1,13.25
OI000493,ORD000165,Happy Past,3,117.27
OI000494,ORD000165,Sport Quality,3,83.86
OI000495,ORD000165,Impact Food,1,86.45
OI000496,ORD000166,Go Edge,1,193.41
OI000497,ORD000167,Individual Stuff,2,167.25
OI000498,ORD000167,Bit Strategy,1,22.19
OI000499,ORD000167,Movie Above,3,52.45
OI000500,ORD000167,Inside Experience,1,83.09
OI000501,ORD000168,Establish Church,1,48.21
OI000502,ORD000168,Figure Maintain,3,19.89
OI000503,ORD000168,Hair Fund,3,27.24
OI000504,ORD000169,Camera Century,3,73.46
OI000505,ORD000169,Thought Treat,1,163.93
OI000506,ORD000169,Eat Reduce,2,25.05
OI000507,ORD000170,Top Measure,3,122.47
OI000508,ORD000170,Both Require,3,19.69
OI000509,ORD000171,Item Despite,2,153.18
OI000510,ORD000171,Tv Media,3,137.82
OI000511,ORD000171,Gun Down,3,130.38
OI000512,ORD000171,Letter Why,3,68.03
OI000513,ORD000171,Factor Create,2,66.65
OI000514,ORD000172,Think Thousand,3,160.28
OI000515,ORD000172,Democrat Rich,3,15.95
OI000516,ORD000172,Establish End,2,19.47
OI000517,ORD000173,Early More,1,19.96
OI000518,ORD000173,Head Central,3,124.93
OI000519,ORD000173,Seem Stand,3,79.97
OI000520,ORD000174,Always Realize,3,92.7
OI000521,ORD000175,Role Former,3,122.98
OI000522,ORD000175,Board Business,1,34.42
OI000523,ORD000175,Score Build,2,92.85
OI000524,ORD000176,Garden Turn,1,130.99
OI000525,ORD000176,Stand Crime,2,53.31
OI000526,ORD000176,Hot Growth,3,198.24
OI000527,ORD000176,Drive Far,1,106.94
OI000528,ORD000176,Minute Hard,2,75.96
OI000529,ORD000177,Value Seek,3,156.02
OI000530,ORD000177,Response Build,3,121.59
OI000531,ORD000177,Career Woman,1,131.22
OI000532,ORD000177,Create Husband,3,69.29
OI000533,ORD000178,Able Of,3,54.14
OI000534,ORD000178,Each Price,3,193.06
OI000535,ORD000178,Maintain Raise,2,175.29
OI000536,ORD000179,Owner End,2,183.77
OI000537,ORD000179,Just Real,3,193.7
OI000538,ORD000180,Management Sit,1,121.03
OI000539,ORD000180,Long Popular,2,65.37
OI000540,ORD000181,Drug Anyone,3,23.22
OI000541,ORD000181,Task Class,2,87.56
OI000542,ORD000181,Person Out,2,8.55
OI000543,ORD000181,Model Design,1,40.15
OI000544,ORD000181,Need Risk,2,71.64
OI000545,ORD000182,Receive Health,1,200.0
OI000546,ORD000182,Work Bit,1,20.05
OI000547,ORD000183,Education Interesting,3,167.85
OI000548,ORD000183,Only Candidate,2,12.36
OI000549,ORD000183,Mind Before,3,175.9
OI000550,ORD000183,Of Though,2,30.55
OI000551,ORD000183,Around Government,1,35.08
OI000552,ORD000184,Cover Red,1,145.63
OI000553,ORD000184,Leave Need,3,85.12
OI000554,ORD000185,Democratic Billion,3,124.07
OI000555,ORD000185,Their Door,1,157.84
OI000556,ORD000185,Our Really,2,109.13
OI000557,ORD000185,Final After,2,193.29
OI000558,ORD000186,Feel Himself,3,137.27
OI000559,ORD000186,Character Fast,2,196.97
OI000560,ORD000186,Republican Argue,2,155.04
OI000561,ORD000187,Condition Book,3,164.29
OI000562,ORD000187,At Expert,2,31.99
OI000563,ORD000188,Anything Situation,3,175.45
OI000564,ORD000188,Author Always,3,187.19
OI000565,ORD000188,Others New,1,169.95
OI000566,ORD000188,Suddenly Stage,1,60.59
OI000567,ORD000189,Road Effort,2,33.73
OI000568,ORD000189,System Task,1,22.88
OI000569,ORD000189,Important All,2,164.26
OI000570,ORD000189,Similar Daughter,2,186.44
OI000571,ORD000189,Several Shoulder,3,15.39
OI000572,ORD000190,Serve Personal,1,78.11
OI000573,ORD000191,Break Arrive,1,159.32
OI000574,ORD000191,People Song,2,12.47
OI000575,ORD000191,Knowledge Figure,1,140.73
OI000576,ORD000192,Avoid Ahead,1,124.99
OI000577,ORD000192,Per Hair,1,8.71
OI000578,ORD000192,Amount Chance,3,167.82
OI000579,ORD000192,Week Full,3,188.34
OI000580,ORD000193,President Nearly,2,26.68
OI000581,ORD000193,Former Doctor,1,51.34
OI000582,ORD000193,Audience Born,2,14.31
OI000583,ORD000193,Democrat Network,3,129.6
OI000584,ORD000194,Concern Listen,1,121.36
OI000585,ORD000194,Bill Word,3,128.23
OI000586,ORD000194,Boy Institution,1,52.18
OI000587,ORD000194,Many Last,1,61.8
OI000588,ORD000195,Money Capital,2,51.91
OI000589,ORD000195,Many Her,3,41.53
OI000590,ORD000195,Serious Local,2,21.69
OI000591,ORD000196,Program Fight,3,111.1
OI000592,ORD000196,Media Movie,2,113.06
OI000593,ORD000196,Structure Fight,1,175.3
OI000594,ORD000196,Agree Series,2,128.96
OI000595,ORD000196,Million National,1,54.46
OI000596,ORD000197,Attorney Prepare,3,52.02
OI000597,ORD000197,Health Smile,3,127.51
OI000598,ORD000197,Whatever Cold,2,148.36
OI000599,ORD000198,Building Product,2,73.7
OI000600,ORD000199,Party Goal,2,196.26
OI000601,ORD000199,Yeah Office,1,128.19
OI000602,ORD000199,Chance Population,2,17.3
OI000603,ORD000199,My Hair,1,12.21
OI000604,ORD000200,Role Improve,2,177.73
OI000605,ORD000200,World Election,3,187.01
OI000606,ORD000201,Cause Example,1,97.31
OI000607,ORD000201,Already Whom,1,151.89
OI000608,ORD000201,Term None,1,60.79
OI000609,ORD000201,Heart Turn,2,173.83
OI000610,ORD000201,Never Support,2,58.28
OI000611,ORD000202,Approach Suddenly,2,179.45
OI000612,ORD000202,Skill Fish,1,71.11
OI000613,ORD000202,Shoulder Worry,2,101.76
OI000614,ORD000202,Between College,3,76.63
OI000615,ORD000203,Increase There,1,146.78
OI000616,ORD000204,Activity Save,1,199.04
OI000617,ORD000204,Free Film,2,111.37
OI000618,ORD000204,Authority Five,2,25.01
OI000619,ORD000204,Road Possible,2,133.88
OI000620,ORD000204,Reveal Between,3,91.95
OI000621,ORD000205,Pull Education,1,73.55
OI000622,ORD000205,Data But,2,146.73
OI000623,ORD000205,Car General,2,124.9
OI000624,ORD000205,Prove About,1,58.54
OI000625,ORD000206,Miss Store,3,75.85
OI000626,ORD000206,Interesting Almost,1,137.49
OI000627,ORD000206,Industry Keep,3,32.84
OI000628,ORD000206,Beautiful Tonight,2,137.23
OI000629,ORD000207,Condition Throughout,3,18.11
OI000630,ORD000207,She National,2,76.43
OI000631,ORD000208,Nice Business,2,190.02
OI000632,ORD000208,Must Model,1,91.57
OI000633,ORD000208,Several May,3,116.91
OI000634,ORD000208,Artist As,2,76.56
OI000635,ORD000209,Wife Stop,1,10.05
OI000636,ORD000210,Draw Show,2,27.96
OI000637,ORD000210,Dream Something,1,142.29
OI000638,ORD000210,Arm Team,2,199.29
OI000639,ORD000210,Born Score,2,140.33
OI000640,ORD000210,Leave Music,1,44.03
OI000641,ORD000211,Offer Interesting,3,38.67
OI000642,ORD000211,Off Name,1,91.8
OI000643,ORD000211,Court Put,2,163.05
OI000644,ORD000211,Him They,3,135.23
OI000645,ORD000212,Them Personal,1,178.81
OI000646,ORD000212,Surface Key,3,143.8
OI000647,ORD000212,Wind Writer,2,129.35
OI000648,ORD000213,Morning Military,1,28.67
OI000649,ORD000213,Know Physical,1,159.45
OI000650,ORD000214,Character Professional,3,96.14
OI000651,ORD000214,Moment Land,1,30.31
OI000652,ORD000214,Remain Black,2,17.82
OI000653,ORD000215,Trip Seat,2,85.11
OI000654,ORD000215,Show Federal,1,165.55
OI000655,ORD000215,Reality Thought,2,29.44
OI000656,ORD000215,Total Part,2,130.26
OI000657,ORD000215,Figure Suffer,3,95.84
OI000658,ORD000216,Everything Assume,1,129.76
OI000659,ORD000216,Grow Senior,1,154.72
OI000660,ORD000216,Maybe Woman,1,89.36
OI000661,ORD000216,Manage Public,3,167.12
OI000662,ORD000216,Interest Inside,1,34.84
OI000663,ORD000217,Study Buy,3,72.47
OI000664,ORD000217,Century Summer,1,179.51
OI000665,ORD000218,This Use,3,58.52
OI000666,ORD000218,Ball Almost,3,64.05
OI000667,ORD000218,Into Grow,3,23.22
OI000668,ORD000218,Drop No,3,37.88
OI000669,ORD000218,Create Your,3,35.07
OI000670,ORD000219,Newspaper Paper,3,70.84
OI000671,ORD000219,Professor From,1,13.03
OI000672,ORD000219,Major Prove,3,20.84
OI000673,ORD000219,Kid Short,2,155.35
OI000674,ORD000219,Five School,3,131.97
OI000675,ORD000220,Team Light,2,129.6
OI000676,ORD000220,Note Him,3,178.35
OI000677,ORD000220,These Fund,2,61.49
OI000678,ORD000220,Cover Do,3,99.17
OI000679,ORD000220,Traditional Really,2,84.19
OI000680,ORD000221,Tough Across,2,90.72
OI000681,ORD000221,Act Line,2,95.57
OI000682,ORD000222,Final Second,3,65.95
OI000683,ORD000222,Contain Develop,2,67.27
OI000684,ORD000223,Health Art,1,105.42
OI000685,ORD000223,Building Learn,2,67.23
OI000686,ORD000223,Close Surface,2,28.89
OI000687,ORD000224,Center Sound,2,61.59
OI000688,ORD000225,Role Down,3,163.63
OI000689,ORD000225,Natural Course,1,145.62
OI000690,ORD000226,Space Task,2,96.03
OI000691,ORD000226,Pay Keep,1,101.99
OI000692,ORD000226,Worker Travel,3,189.32
OI000693,ORD000226,Major Old,1,94.16
OI000694,ORD000226,Fall Area,2,46.95
OI000695,ORD000227,Yeah Base,1,60.72
OI000696,ORD000227,More Model,2,170.2
OI000697,ORD000227,Color Even,2,31.12
OI000698,ORD000227,Use Own,2,146.86
OI000699,ORD000228,Both Prevent,1,112.88
OI000700,ORD000228,Involve Whole,2,80.34
OI000701,ORD000228,Whether Everyone,2,154.06
OI000702,ORD000229,Fly Owner,1,28.17
OI000703,ORD000229,Rate Least,2,81.81
OI000704,ORD000229,Top Admit,2,113.78
OI000705,ORD000229,Most Test,1,152.22
OI000706,ORD000229,Pressure Opportunity,2,122.48
OI000707,ORD000230,Several Itself,1,106.27
OI000708,ORD000230,Activity Foreign,3,123.22
OI000709,ORD000230,Question American,3,32.26
OI000710,ORD000230,Eat Effect,2,67.11
OI000711,ORD000231,Author Right,3,120.78
OI000712,ORD000231,Wish Staff,3,166.52
OI000713,ORD000231,Central Hear,3,100.52
OI000714,ORD000232,Can Child,3,76.83
OI000715,ORD000233,Force Yard,3,65.0
OI000716,ORD000233,Focus Watch,3,175.06
OI000717,ORD000233,Far Realize,2,10.2
OI000718,ORD000233,Boy News,3,56.78
OI000719,ORD000233,Meeting Year,3,157.67
OI000720,ORD000234,Design That,3,145.67
OI000721,ORD000234,Anything Media,3,98.69
OI000722,ORD000235,Surface Employee,3,33.82
OI000723,ORD000235,Knowledge Card,3,52.23
OI000724,ORD000235,Firm Support,1,189.9
OI000725,ORD000235,Around Camera,2,42.2
OI000726,ORD000236,Beyond Major,3,34.53
OI000727,ORD000236,Wish System,3,44.76
OI000728,ORD000236,Method Wide,2,156.12
OI000729,ORD000236,Day Play,3,175.2
OI000730,ORD000237,Soon Rather,3,106.14
OI000731,ORD000237,Summer Central,3,68.38
OI000732,ORD000238,Option Strategy,2,191.55
OI000733,ORD000238,Deal Threat,2,182.86
OI000734,ORD000238,Watch Various,3,111.52
OI000735,ORD000239,Science Could,1,99.42
OI000736,ORD000239,Various Pay,2,59.41
OI000737,ORD000239,Yet Collection,2,48.85
OI000738,ORD000239,Car Opportunity,3,155.38
OI000739,ORD000239,There Hundred,3,45.42
OI000740,ORD000240,Machine Concern,3,114.3
OI000741,ORD000240,Night Above,1,58.32
OI000742,ORD000240,Least Alone,3,116.83
OI000743,ORD000241,Whose Involve,1,164.58
OI000744,ORD000241,Theory Thought,2,61.64
OI000745,ORD000241,Hot Any,1,191.29
OI000746,ORD000241,Such Manage,2,72.54
OI000747,ORD000242,Card Ever,3,46.73
OI000748,ORD000242,By Discussion,3,57.87
OI000749,ORD000242,During Enter,1,140.75
OI000750,ORD000242,Instead Structure,3,26.3
OI000751,ORD000243,Show Leave,3,52.28
OI000752,ORD000243,Understand Marriage,1,181.51
OI000753,ORD000244,Eight They,1,24.61
OI000754,ORD000244,Town Himself,3,6.01
OI000755,ORD000244,Late Wrong,1,195.69
OI000756,ORD000244,Still Often,2,84.35
OI000757,ORD000245,Maintain None,3,67.63
OI000758,ORD000245,Team Way,1,16.54
OI000759,ORD000245,Even In,1,132.2
OI000760,ORD000246,Man Full,1,183.08
OI000761,ORD000247,Rise Behind,1,187.11
OI000762,ORD000247,Within Drug,2,199.45
OI000763,ORD000248,Despite Describe,2,187.64
OI000764,ORD000248,Reality Other,1,175.96
OI000765,ORD000249,Part Financial,2,122.54
OI000766,ORD000249,Population Build,3,60.49
OI000767,ORD000249,Present Understand,2,110.94
OI000768,ORD000249,Fight Exactly,1,178.41
OI000769,ORD000249,Kitchen Establish,2,170.96
OI000770,ORD000250,Tough Adult,3,69.48
OI000771,ORD000251,Common Rule,2,7.75
OI000772,ORD000251,Each Hospital,3,159.2
OI000773,ORD000252,Answer Necessary,3,124.14
OI000774,ORD000252,Clear Animal,2,179.92
OI000775,ORD000253,Talk Body,1,135.5
OI000776,ORD000253,Say Moment,2,196.43
OI000777,ORD000253,Military Buy,1,68.1
OI000778,ORD000253,Civil Indeed,2,6.33
OI000779,ORD000254,Beat Hotel,2,191.04
OI000780,ORD000254,Too Leader,3,118.58
OI000781,ORD000254,Impact Population,3,7.23
OI000782,ORD000255,Walk Form,2,135.22
OI000783,ORD000256,Seven Firm,3,84.06
OI000784,ORD000256,Teacher Hard,3,185.01
OI000785,ORD000257,Above Vote,1,76.67
OI000786,ORD000257,Board Assume,1,47.73
OI000787,ORD000257,National Degree,2,98.25
OI000788,ORD000258,Modern Cut,3,86.09
OI000789,ORD000258,Too Drive,3,183.0
OI000790,ORD000258,Lay While,1,161.39
OI000791,ORD000259,Game Sport,1,175.26
OI000792,ORD000259,Statement Tend,3,107.47
OI000793,ORD000259,Tough Chance,1,142.23
OI000794,ORD000259,White Build,1,183.86
OI000795,ORD000259,High Without,3,17.04
OI000796,ORD000260,Party Next,1,116.68
OI000797,ORD000260,Place Picture,3,37.08
OI000798,ORD000261,North Simple,2,144.8
OI000799,ORD000261,Walk Eat,3,22.73
OI000800,ORD000262,Everybody Example,2,30.73
OI000801,ORD000262,Hundred Part,1,94.08
OI000802,ORD000262,Realize Court,3,113.97
OI000803,ORD000262,Indicate Senior,3,162.35
OI000804,ORD000263,Six View,1,54.62
OI000805,ORD000263,Worry Defense,3,150.43
OI000806,ORD000263,Expert Game,2,19.24
OI000807,ORD000263,Industry Company,1,72.18
OI000808,ORD000264,Art Thousand,1,187.24
OI000809,ORD000265,Much Yet,3,154.34
OI000810,ORD000265,Third Imagine,2,130.95
OI000811,ORD000266,Lay Report,2,92.46
OI000812,ORD000266,Structure Alone,3,78.25
OI000813,ORD000266,Artist Measure,3,193.01
OI000814,ORD000266,Road Week,2,30.93
OI000815,ORD000267,Popular Others,2,198.61
OI000816,ORD000267,Too Drive,3,108.12
OI000817,ORD000268,Morning Reveal,2,152.45
OI000818,ORD000269,Than Defense,2,87.7
OI000819,ORD000269,End Space,1,165.56
OI000820,ORD000269,Put Player,1,94.82
OI000821,ORD000269,Imagine Far,3,58.75
OI000822,ORD000269,Challenge Woman,1,154.27
OI000823,ORD000270,Serve Thank,1,154.38
OI000824,ORD000270,Relationship West,1,51.93
OI000825,ORD000270,Race Ask,1,24.67
OI000826,ORD000270,Authority Join,3,92.06
OI000827,ORD000270,Way Our,1,142.14
OI000828,ORD000271,Because Product,3,90.6
OI000829,ORD000271,Price Short,1,47.37
OI000830,ORD000271,Activity Degree,2,32.33
OI000831,ORD000271,Buy Example,3,50.66
OI000832,ORD000272,Management Tax,3,117.61
OI000833,ORD000272,Create Price,1,164.58
OI000834,ORD000272,Risk Necessary,1,63.84
OI000835,ORD000273,Information Possible,3,58.66
OI000836,ORD000273,Public Investment,3,189.96
OI000837,ORD000273,Pay Morning,3,182.76
OI000838,ORD000274,Customer Small,3,194.6
OI000839,ORD000275,Remain Thank,2,67.15
OI000840,ORD000275,Free Hope,2,84.61
OI000841,ORD000275,Institution Individual,3,78.41
OI000842,ORD000275,Else Firm,1,97.34
OI000843,ORD000275,True Treatment,3,63.64
OI000844,ORD000276,Bag Become,2,114.67
OI000845,ORD000277,Sometimes Continue,1,31.15
OI000846,ORD000277,Both Value,2,54.72
OI000847,ORD000277,Explain Watch,2,131.11
OI000848,ORD000277,Wrong Talk,1,170.19
OI000849,ORD000277,Piece Player,1,109.45
OI000850,ORD000278,Here Bank,3,78.55
OI000851,ORD000278,Within Player,1,122.57
OI000852,ORD000278,Kind Economic,3,41.69
OI000853,ORD000279,Pattern Policy,2,174.55
OI000854,ORD000279,Defense Right,1,64.12
OI000855,ORD000280,Health Democratic,2,150.64
OI000856,ORD000281,Question Theory,2,142.23
OI000857,ORD000281,Training Point,3,183.45
OI000858,ORD000281,Voice Hour,2,67.71
OI000859,ORD000281,Stock Scientist,3,79.23
OI000860,ORD000281,Hear Military,2,131.5
OI000861,ORD000282,Course Lose,2,105.0
OI000862,ORD000282,Body According,3,95.87
OI000863,ORD000282,Bring Light,2,96.55
OI000864,ORD000283,We Between,1,13.91
OI000865,ORD000283,Break See,1,149.54
OI000866,ORD000283,Despite Boy,3,55.85
OI000867,ORD000283,These True,2,117.93
OI000868,ORD000284,Better Quickly,3,49.85
OI000869,ORD000284,Can Benefit,2,167.51
OI000870,ORD000284,Describe Thousand,3,112.38
OI000871,ORD000285,About Garden,3,193.47
OI000872,ORD000285,Believe Build,2,149.22
OI000873,ORD000285,Across Security,2,37.81
OI000874,ORD000285,Speech Nearly,3,38.01
OI000875,ORD000286,Window Word,1,198.11
OI000876,ORD000286,Exist Card,1,107.17
OI000877,ORD000286,Writer Easy,3,189.31
OI000878,ORD000286,Fine Affect,1,14.46
OI000879,ORD000286,Teacher Full,3,85.42
OI000880,ORD000287,Kind Commercial,2,103.62
OI000881,ORD000287,Some Property,3,16.79
OI000882,ORD000288,Onto Forward,3,8.07
OI000883,ORD000288,Because Purpose,1,112.57
OI000884,ORD000288,Join Say,3,8.26
OI000885,ORD000288,Detail Doctor,2,58.57
OI000886,ORD000289,Wish Site,3,163.57
OI000887,ORD000289,Behavior Then,1,88.96
OI000888,ORD000289,Main Another,1,25.87
OI000889,ORD000289,Office Challenge,1,107.26
OI000890,ORD000289,Really Majority,3,42.43
OI000891,ORD000290,Sometimes Matter,2,57.13
OI000892,ORD000290,Television Decade,2,20.41
OI000893,ORD000290,Else Officer,1,94.5
OI000894,ORD000291,Like No,3,132.48
OI000895,ORD000292,If Image,3,97.82
OI000896,ORD000292,Shake Or,1,6.84
OI000897,ORD000292,Outside Mind,2,21.12
OI000898,ORD000292,Oil Cover,2,130.76
OI000899,ORD000292,Computer Without,1,115.34
OI000900,ORD000293,Remember Know,3,46.23
OI000901,ORD000293,Knowledge Mr,2,178.07
OI000902,ORD000294,Both Hard,3,185.21
OI000903,ORD000295,Action Including,1,114.88
OI000904,ORD000295,City Traditional,2,39.97
OI000905,ORD000295,Director Like,1,8.05
OI000906,ORD000295,Family Certainly,3,119.47
OI000907,ORD000295,Bank Reveal,1,165.08
OI000908,ORD000296,Lawyer Need,2,115.51
OI000909,ORD000296,Writer Draw,3,137.02
OI000910,ORD000297,Staff Indeed,3,159.15
OI000911,ORD000297,Decision His,3,146.21
OI000912,ORD000298,Play Case,3,71.42
OI000913,ORD000299,Laugh Green,2,10.78
OI000914,ORD000299,Reality Perhaps,2,157.79
OI000915,ORD000299,Teacher Fine,2,100.67
OI000916,ORD000300,Method Remember,3,41.22
OI000917,ORD000300,Benefit Keep,1,133.83
OI000918,ORD000300,Focus General,2,155.57
OI000919,ORD000300,Large Happy,3,160.62
OI000920,ORD000301,You Hour,2,57.25
OI000921,ORD000302,Enough Local,1,66.75
OI000922,ORD000302,Manager Hair,2,22.85
OI000923,ORD000302,Not Perhaps,2,91.72
OI000924,ORD000302,Fine Heart,1,24.94
OI000925,ORD000303,Article Economic,2,113.17
OI000926,ORD000303,Choice Plan,1,25.14
OI000927,ORD000303,Company Energy,1,74.01
OI000928,ORD000303,Some Page,2,121.4
OI000929,ORD000303,Citizen Suffer,1,173.43
OI000930,ORD000304,Human Ahead,3,146.34
OI000931,ORD000305,If Build,1,138.64
OI000932,ORD000305,Mean Environmental,2,32.07
OI000933,ORD000306,Available Central,1,33.46
OI000934,ORD000306,Nation Cost,2,89.76
OI000935,ORD000306,Mention Level,1,63.45
OI000936,ORD000306,Attention True,1,75.42
OI000937,ORD000307,Director This,1,94.28
OI000938,ORD000307,General Listen,2,64.41
OI000939,ORD000308,Just Development,2,79.08
OI000940,ORD000308,Like Song,2,90.84
OI000941,ORD000308,Short Participant,3,164.02
OI000942,ORD000308,Necessary East,1,194.97
OI000943,ORD000308,Today Lose,3,63.58
OI000944,ORD000309,Number Say,2,193.09
OI000945,ORD000309,Million Argue,3,61.83
OI000946,ORD000310,Daughter Small,2,68.55
OI000947,ORD000310,Travel Visit,2,164.22
OI000948,ORD000311,Baby Big,1,186.75
OI000949,ORD000312,Huge Hear,3,40.09
OI000950,ORD000312,Expect Big,3,10.25
OI000951,ORD000312,Offer Major,3,95.02
OI000952,ORD000312,Lead Board,2,45.88
OI000953,ORD000312,High Matter,1,167.1
OI000954,ORD000313,Key Middle,2,32.14
OI000955,ORD000313,All Finally,3,52.19
OI000956,ORD000313,Read Its,2,35.06
OI000957,ORD000313,Voice Church,1,158.87
OI000958,ORD000314,Big Send,2,98.45
OI000959,ORD000314,Site True,3,109.2
OI000960,ORD000314,Help Body,1,86.57
OI000961,ORD000314,Sister Central,2,159.19
OI000962,ORD000314,Street Least,3,141.82
OI000963,ORD000315,Record Effect,1,26.33
OI000964,ORD000316,Effect Republican,1,131.16
OI000965,ORD000316,Trouble Others,3,114.83
OI000966,ORD000317,Office Audience,2,193.31
OI000967,ORD000317,Loss Add,1,25.66
OI000968,ORD000317,Throughout My,3,55.45
OI000969,ORD000318,Various Budget,3,118.2
OI000970,ORD000318,Report Student,2,48.1
OI000971,ORD000318,Kind Unit,3,81.27
OI000972,ORD000318,Benefit Agency,3,119.78
OI000973,ORD000318,Determine To,1,34.4
OI000974,ORD000319,Put Hot,1,62.61
OI000975,ORD000320,Respond Mission,2,72.92
OI000976,ORD000320,Little Me,1,93.79
OI000977,ORD000321,Themselves Gun,1,72.92
OI000978,ORD000321,Walk Similar,3,90.44
OI000979,ORD000321,Audience Last,1,93.23
OI000980,ORD000321,Nearly Door,3,63.55
OI000981,ORD000322,Improve Magazine,1,137.04
OI000982,ORD000323,History Along,3,36.23
OI000983,ORD000323,Color Contain,2,88.14
OI000984,ORD000323,Son Fish,2,50.21
OI000985,ORD000323,Opportunity Live,1,127.8
OI000986,ORD000323,Recognize Bank,2,129.89
OI000987,ORD000324,College Will,1,148.79
OI000988,ORD000325,Sit Rise,1,5.87
OI000989,ORD000325,By Rule,3,45.13
OI000990,ORD000325,According Office,1,162.7
OI000991,ORD000325,Major Would,3,117.58
OI000992,ORD000326,Size Second,2,68.57
OI000993,ORD000326,Society Third,3,27.22
OI000994,ORD000326,Its Window,3,173.21
OI000995,ORD000327,Different On,1,81.55
OI000996,ORD000327,Everything East,2,72.85
OI000997,ORD000327,Media Suddenly,3,125.39
OI000998,ORD000327,Man Deep,2,142.67
OI000999,ORD000327,Worker Begin,3,184.14
OI001000,ORD000328,Spend Court,1,66.07
OI001001,ORD000328,Moment Save,1,64.55
OI001002,ORD000329,Something Perhaps,3,80.75
OI001003,ORD000329,Couple Husband,2,31.88
OI001004,ORD000329,Include Project,2,87.49
OI001005,ORD000329,Seat Your,3,128.92
OI001006,ORD000329,Occur Push,1,184.24
OI001007,ORD000330,Although Less,1,100.48
OI001008,ORD000330,Must Go,2,41.48
OI001009,ORD000331,Fact Sign,1,99.5
OI001010,ORD000332,Start Challenge,2,132.35
OI001011,ORD000332,Tough Five,2,138.52
OI001012,ORD000332,Out Outside,2,143.48
OI001013,ORD000332,Increase Cell,1,100.3
OI001014,ORD000332,Future Industry,1,115.25
OI001015,ORD000333,Process Always,3,58.6
OI001016,ORD000334,Answer Century,3,157.24
OI001017,ORD000334,Yeah Old,2,149.79
OI001018,ORD000335,Sound Use,1,27.08
OI001019,ORD000335,Road New,3,57.24
OI001020,ORD000335,Heavy When,2,165.54
OI001021,ORD000335,Prepare Later,1,110.7
OI001022,ORD000335,Defense We,2,153.2
OI001023,ORD000336,Church Student,1,198.01
OI001024,ORD000336,Share Blood,3,148.52
OI001025,ORD000337,Enough Make,2,92.7
OI001026,ORD000338,Site Employee,1,156.25
OI001027,ORD000339,Worry Daughter,3,139.38
OI001028,ORD000339,General Audience,2,124.0
OI001029,ORD000339,Arm Everything,1,37.37
OI001030,ORD000339,My Prevent,1,158.05
OI001031,ORD000339,Create Then,3,162.06
OI001032,ORD000340,Pm Seat,3,59.81
OI001033,ORD000340,Behavior List,3,37.83
OI001034,ORD000340,Big Month,3,62.06
OI001035,ORD000340,Main Trouble,3,57.13
OI001036,ORD000340,Senior Series,3,197.17
OI001037,ORD000341,Evening Degree,2,192.74
OI001038,ORD000341,Better Government,2,184.16
OI001039,ORD000342,Left So,3,53.69
OI001040,ORD000342,Couple Away,1,67.81
OI001041,ORD000343,Per Agree,3,32.72
OI001042,ORD000343,Idea Make,2,57.4
OI001043,ORD000343,Main Energy,1,78.16
OI001044,ORD000343,Modern Politics,1,128.56
OI001045,ORD000344,Paper Investment,2,140.47
OI001046,ORD000344,Myself Current,2,93.67
OI001047,ORD000344,Anyone Marriage,1,68.82
OI001048,ORD000345,Remain Every,3,128.79
OI001049,ORD000345,Tend Director,1,74.85
OI001050,ORD000345,Might Discuss,2,160.16
OI001051,ORD000345,What Respond,2,47.48
OI001052,ORD000346,Question Where,2,166.53
OI001053,ORD000346,Relate People,1,111.73
OI001054,ORD000346,Those Tend,2,115.4
OI001055,ORD000347,Their Make,3,13.96
OI001056,ORD000348,Score Drug,1,29.23
OI001057,ORD000349,Five Themselves,2,5.13
OI001058,ORD000349,Arrive News,3,44.45
OI001059,ORD000349,Fly Tax,3,182.33
OI001060,ORD000349,Building Maintain,2,63.86
OI001061,ORD000350,Level Behavior,3,21.07
OI001062,ORD000350,Important Black,1,181.24
OI001063,ORD000350,Everything Case,3,15.1
OI001064,ORD000351,Buy Until,1,88.7
OI001065,ORD000351,Degree Likely,1,142.22
OI001066,ORD000352,Civil Read,3,120.77
OI001067,ORD000352,Unit Girl,1,137.6
OI001068,ORD000353,Laugh Bit,2,197.69
OI001069,ORD000354,Society Role,2,18.81
OI001070,ORD000354,Learn Control,1,22.42
OI001071,ORD000354,Everyone Whom,2,25.12
OI001072,ORD000354,Understand If,1,176.79
OI001073,ORD000355,Force Bill,3,130.11
OI001074,ORD000355,Above Right,3,32.86
OI001075,ORD000356,Impact Thousand,1,124.01
OI001076,ORD000357,Away Expert,1,127.48
OI001077,ORD000357,Certain Decade,3,184.38
OI001078,ORD000358,Threat Can,1,179.84
OI001079,ORD000359,Step Detail,2,147.35
OI001080,ORD000359,Thought Purpose,2,192.83
OI001081,ORD000359,Wall Federal,1,159.26
OI001082,ORD000359,You Dog,1,59.01
OI001083,ORD000359,Standard Free,3,53.39
OI001084,ORD000360,No Operation,3,60.56
OI001085,ORD000360,Sing Part,3,10.23
OI001086,ORD000360,White Do,1,175.79
OI001087,ORD000360,Someone Actually,3,105.96
OI001088,ORD000360,Even Goal,2,41.79
OI001089,ORD000361,Threat Character,1,101.5
OI001090,ORD000361,Knowledge Campaign,3,52.01
OI001091,ORD000362,Then Rule,1,108.02
OI001092,ORD000363,Cut Can,3,80.43
OI001093,ORD000363,Day Seat,3,87.07
OI001094,ORD000364,Cultural Table,1,191.12
OI001095,ORD000364,Happen Thing,1,8.25
OI001096,ORD000364,Structure Different,1,7.69
OI001097,ORD000364,Lawyer I,1,12.77
OI001098,ORD000365,Clear Enjoy,3,60.87
OI001099,ORD000365,Dream Authority,2,102.7
OI001100,ORD000365,Customer Effect,2,87.6
OI001101,ORD000365,East Fight,3,21.07
OI001102,ORD000365,Little Song,1,109.84
OI001103,ORD000366,Stage Than,2,109.6
OI001104,ORD000366,Beat Reduce,3,119.36
OI001105,ORD000367,Level Popular,3,141.24
OI001106,ORD000367,Nice Improve,1,190.92
OI001107,ORD000367,Shoulder Us,1,16.29
OI001108,ORD000368,Speak Voice,3,93.41
OI001109,ORD000369,Set Buy,3,28.29
OI001110,ORD000369,Fall Beyond,1,31.76
OI001111,ORD000370,Ground Bring,3,106.99
OI001112,ORD000370,Head Health,2,55.55
OI001113,ORD000370,Address Feel,2,29.75
OI001114,ORD000371,Them Fall,2,70.33
OI001115,ORD000372,Speech Several,3,17.46
OI001116,ORD000372,Many Thought,3,195.13
OI001117,ORD000372,West Difficult,2,20.03
OI001118,ORD000372,Stage Guess,1,104.6
OI001119,ORD000372,Road Camera,3,102.42
OI001120,ORD000373,Account Material,3,155.8
OI001121,ORD000373,Newspaper Option,1,136.45
OI001122,ORD000373,Happy Newspaper,3,49.54
OI001123,ORD000374,Both Or,2,13.97
OI001124,ORD000374,Day Reveal,1,79.68
OI001125,ORD000375,Always Little,3,112.81
OI001126,ORD000376,Girl Between,2,67.75
OI001127,ORD000376,National Affect,2,183.59
OI001128,ORD000377,Manage Grow,3,77.7
OI001129,ORD000377,Color Value,1,136.3
OI001130,ORD000377,Hospital Skin,3,39.97
OI001131,ORD000377,Especially Grow,2,196.38
OI001132,ORD000377,Grow Write,2,18.44
OI001133,ORD000378,Rule Memory,3,68.82
OI001134,ORD000378,Investment Visit,2,94.07
OI001135,ORD000378,Consider Individual,3,44.13
OI001136,ORD000379,Animal Change,2,52.3
OI001137,ORD000379,Land Strategy,2,120.38
OI001138,ORD000379,Face Visit,1,199.57
OI001139,ORD000379,Within Red,3,147.83
OI001140,ORD000379,Against Simple,1,153.29
OI001141,ORD000380,Apply Real,3,110.6
OI001142,ORD000380,Door Behavior,1,168.72
OI001143,ORD000381,Heavy Task,3,25.27
OI001144,ORD000381,Charge Television,2,196.71
OI001145,ORD000381,Act Sing,1,100.95
OI001146,ORD000382,Imagine Theory,1,23.14
OI001147,ORD000382,When Another,3,179.97
OI001148,ORD000382,Who Thing,2,85.55
OI001149,ORD000383,Expect Detail,3,118.25
OI001150,ORD000384,Anything Race,3,19.59
OI001151,ORD000384,Arrive Pay,3,17.15
OI001152,ORD000384,Mention Religious,1,193.02
OI001153,ORD000384,Pattern Cell,2,61.88
OI001154,ORD000385,Challenge Owner,2,67.02
OI001155,ORD000385,Respond Pm,1,50.55
OI001156,ORD000385,Travel Beautiful,3,31.54
OI001157,ORD000386,Remain Important,2,25.6
OI001158,ORD000386,Employee Admit,2,95.88
OI001159,ORD000387,Dinner Event,1,74.87
OI001160,ORD000387,Yourself Travel,2,93.12
OI001161,ORD000387,Serious Forget,1,56.68
OI001162,ORD000387,Send Than,3,22.63
OI001163,ORD000387,Subject Question,3,64.32
OI001164,ORD000388,South Choice,3,33.92
OI001165,ORD000388,Behavior Art,2,53.4
OI001166,ORD000388,Receive Statement,1,82.27
OI001167,ORD000389,Will Question,1,164.92
OI001168,ORD000389,Design Rule,2,11.06
OI001169,ORD000389,Water Between,3,171.65
OI001170,ORD000390,Line Approach,1,23.47
OI001171,ORD000390,As From,1,161.76
OI001172,ORD000391,Easy Weight,2,30.49
OI001173,ORD000391,Strategy Other,3,77.59
OI001174,ORD000392,Move Sister,1,119.29
OI001175,ORD000392,Husband Color,1,9.25
OI001176,ORD000392,Level Us,3,43.56
OI001177,ORD000392,Blue Man,1,91.47
OI001178,ORD000392,Off Employee,2,22.94
OI001179,ORD000393,Woman Exist,1,188.74
OI001180,ORD000394,More Century,2,165.23
OI001181,ORD000394,Skill Place,2,101.74
OI001182,ORD000394,Film Approach,1,138.23
OI001183,ORD000394,Learn Option,1,74.02
OI001184,ORD000395,Benefit Though,1,91.97
OI001185,ORD000395,Tough Across,3,11.76
OI001186,ORD000395,Score No,3,125.31
OI001187,ORD000396,Something Require,3,85.34
OI001188,ORD000396,Blue Decade,1,98.41
OI001189,ORD000396,Matter Number,1,59.56
OI001190,ORD000396,Real Last,3,86.75
OI001191,ORD000397,Forward Rest,2,160.0
OI001192,ORD000397,Brother Card,2,157.47
OI001193,ORD000397,Amount Hit,2,98.54
OI001194,ORD000397,But Sign,3,72.09
OI001195,ORD000397,Small Kind,2,102.97
OI001196,ORD000398,Single Data,1,121.44
OI001197,ORD000398,Short Who,2,179.67
OI001198,ORD000398,Dog City,2,16.43
OI001199,ORD000399,Agree Tv,1,199.92
OI001200,ORD000399,Method Its,3,24.53
OI001201,ORD000399,Mean Citizen,3,52.02
OI001202,ORD000399,Approach Investment,3,164.18
OI001203,ORD000399,Protect Administration,1,15.9
OI001204,ORD000400,State Question,1,74.19
OI001205,ORD000400,Gun Very,3,39.34
OI001206,ORD000400,Ahead Station,3,67.01
OI001207,ORD000400,Walk Plan,3,141.04
OI001208,ORD000401,Wrong Wife,3,189.77
OI001209,ORD000401,Voice Fight,1,32.71
OI001210,ORD000401,Discuss Argue,2,168.16
OI001211,ORD000402,Group Score,1,39.23
OI001212,ORD000402,Kid Challenge,1,22.6
OI001213,ORD000402,Live Sport,1,122.32
OI001214,ORD000403,Stage Wish,1,183.99
OI001215,ORD000403,Road Court,2,162.26
OI001216,ORD000403,Adult Talk,2,144.8
OI001217,ORD000404,Tree Unit,3,156.0
OI001218,ORD000404,May Recent,1,172.83
OI001219,ORD000405,Remember Hour,2,119.27
OI001220,ORD000405,With She,1,63.84
OI001221,ORD000405,Opportunity Decision,3,195.29
OI001222,ORD000405,System With,3,190.0
OI001223,ORD000406,Task Word,3,142.9
OI001224,ORD000406,Parent Life,3,140.24
OI001225,ORD000407,Black Role,1,134.78
OI001226,ORD000407,Thousand Lawyer,3,78.78
OI001227,ORD000408,Against Place,3,190.01
OI001228,ORD000409,Often Ground,3,11.31
OI001229,ORD000409,Wait End,3,67.05
OI001230,ORD000409,Free Pick,3,48.07
OI001231,ORD000409,Production Tell,2,25.3
OI001232,ORD000409,Explain Speech,3,32.43
OI001233,ORD000410,Much Environment,2,72.63
OI001234,ORD000410,Gas Watch,1,37.74
OI001235,ORD000411,Mention Type,1,7.22
OI001236,ORD000411,Each Technology,1,53.66
OI001237,ORD000411,Old Already,1,73.34
OI001238,ORD000411,Hear Stuff,1,145.48
OI001239,ORD000412,Agreement Side,2,193.97
OI001240,ORD000412,Action Administration,2,101.15
OI001241,ORD000412,Mother Environmental,2,73.49
OI001242,ORD000412,Baby Travel,2,24.78
OI001243,ORD000413,White Newspaper,1,36.72
OI001244,ORD000413,Tough Only,1,160.84
OI001245,ORD000414,Let You,1,67.15
OI001246,ORD000415,Tend Let,1,36.38
OI001247,ORD000415,Series Consider,1,111.67
OI001248,ORD000415,State Street,3,70.9
OI001249,ORD000415,Agreement Impact,3,179.18
OI001250,ORD000416,Compare Car,2,123.43
OI001251,ORD000416,Bar Recognize,1,35.64
OI001252,ORD000417,When Drop,3,84.81
OI001253,ORD000417,Those Past,3,145.8
OI001254,ORD000418,Chance Light,1,62.99
OI001255,ORD000418,Yard Thus,3,14.68
OI001256,ORD000418,Up Nice,2,112.18
OI001257,ORD000419,Human Partner,1,98.66
OI001258,ORD000419,Forward Occur,1,10.02
OI001259,ORD000419,Pass Art,1,129.45
OI001260,ORD000419,Dog Off,1,97.35
OI001261,ORD000419,Along Power,2,65.13
OI001262,ORD000420,Six Think,2,179.5
OI001263,ORD000420,Camera Century,3,22.77
OI001264,ORD000420,Indicate Really,2,80.57
OI001265,ORD000420,Bar Go,2,177.67
OI001266,ORD000421,Score Detail,2,13.7
OI001267,ORD000421,Pay Which,1,95.69
OI001268,ORD000421,Half Consider,3,168.23
OI001269,ORD000421,People Gas,3,17.02
OI001270,ORD000422,Red Once,3,85.73
OI001271,ORD000422,Stock Issue,1,49.36
OI001272,ORD000422,So Hour,3,168.96
OI001273,ORD000422,Suffer Billion,3,86.63
OI001274,ORD000422,Toward Hit,2,138.98
OI001275,ORD000423,Task Attorney,2,63.28
OI001276,ORD000423,Congress Arm,3,181.04
OI001277,ORD000423,Mind Deep,3,11.77
OI001278,ORD000423,Reduce Policy,3,180.59
OI001279,ORD000424,Sing Discussion,2,28.45
OI001280,ORD000424,Require Single,1,38.71
OI001281,ORD000425,Raise Tough,2,29.61
OI001282,ORD000425,Attorney Develop,3,20.28
OI001283,ORD000426,Clearly Realize,2,167.65
OI001284,ORD000426,How Improve,3,67.35
OI001285,ORD000427,Relate Hear,2,68.59
OI001286,ORD000427,Expect Church,1,106.34
OI001287,ORD000427,Travel Relationship,3,158.38
OI001288,ORD000427,Lead Blue,2,119.58
OI001289,ORD000427,Offer Red,1,26.94
OI001290,ORD000428,Tree Politics,1,119.65
OI001291,ORD000428,Conference Some,3,185.36
OI001292,ORD000428,Under Develop,2,157.01
OI001293,ORD000428,Similar Finish,2,174.16
OI001294,ORD000428,About History,2,176.19
OI001295,ORD000429,Mind Single,1,123.75
OI001296,ORD000429,Air Scene,2,38.58
OI001297,ORD000429,Technology Would,3,33.05
OI001298,ORD000429,Believe Science,2,137.76
OI001299,ORD000429,Heart Whom,2,12.56
OI001300,ORD000430,Use Can,2,150.42
OI001301,ORD000431,Design Just,2,65.64
OI001302,ORD000431,Finally Glass,3,172.36
OI001303,ORD000431,Dinner Tough,1,24.15
OI001304,ORD000432,Ever Still,2,194.97
OI001305,ORD000432,Education Perhaps,2,155.94
OI001306,ORD000432,Similar Total,2,57.54
OI001307,ORD000433,Weight Education,1,41.65
OI001308,ORD000434,Air Practice,1,174.1
OI001309,ORD000434,Able Offer,1,105.48
OI001310,ORD000434,Sense Knowledge,3,17.8
OI001311,ORD000434,Evidence Old,1,103.83
OI001312,ORD000434,Professor Town,3,157.2
OI001313,ORD000435,Business This,1,38.88
OI001314,ORD000436,Everything Practice,2,14.86
OI001315,ORD000436,On Behavior,2,142.4
OI001316,ORD000436,Deep There,2,76.83
OI001317,ORD000436,Staff Free,3,103.5
OI001318,ORD000437,Yes Foreign,3,77.63
OI001319,ORD000437,Meeting Green,2,91.99
OI001320,ORD000438,Thank Sit,1,73.2
OI001321,ORD000438,Commercial Young,2,168.34
OI001322,ORD000438,Necessary Four,3,151.05
OI001323,ORD000438,Left Effort,1,22.63
OI001324,ORD000438,Community Seem,1,80.38
OI001325,ORD000439,Either Set,3,172.14
OI001326,ORD000439,Boy Usually,1,48.9
OI001327,ORD000440,Report Standard,3,105.09
OI001328,ORD000440,Tend Stock,1,6.74
OI001329,ORD000440,Wide Mother,3,131.24
OI001330,ORD000440,Under Space,1,161.17
OI001331,ORD000441,Describe Lawyer,3,143.98
OI001332,ORD000441,Foreign Management,2,130.33
OI001333,ORD000441,Discover Fall,2,179.62
OI001334,ORD000442,Them Only,2,47.55
OI001335,ORD000442,Push Mrs,3,137.05
OI001336,ORD000442,Both Walk,1,82.44
OI001337,ORD000443,Seven Word,3,114.48
OI001338,ORD000443,Production Five,2,123.76
OI001339,ORD000443,Call Institution,2,138.46
OI001340,ORD000444,Sound Include,3,197.73
OI001341,ORD000444,Daughter Great,2,68.4
OI001342,ORD000444,Something Level,3,55.92
OI001343,ORD000445,Fine Page,1,154.27
OI001344,ORD000445,Sing Reason,3,162.06
OI001345,ORD000445,Score Camera,2,83.8
OI001346,ORD000445,Billion Me,3,137.75
OI001347,ORD000445,Person Notice,2,9.96
OI001348,ORD000446,Lay Improve,3,83.9
OI001349,ORD000446,Claim Health,3,11.89
OI001350,ORD000446,Rule Simple,1,198.98
OI001351,ORD000446,Great Generation,3,71.92
OI001352,ORD000447,Couple Suddenly,3,181.77
OI001353,ORD000447,Owner Series,2,74.91
OI001354,ORD000447,Your Put,3,169.86
OI001355,ORD000447,Send Present,1,175.92
OI001356,ORD000448,Participant Student,3,96.8
OI001357,ORD000449,Crime Product,1,153.77
OI001358,ORD000449,Since Commercial,2,189.65
OI001359,ORD000449,A Outside,1,132.61
OI001360,ORD000449,So Body,3,74.28
OI001361,ORD000449,Wish Everything,2,174.93
OI001362,ORD000450,Agree Garden,2,55.81
OI001363,ORD000450,This Threat,1,95.43
OI001364,ORD000450,Black Section,3,96.75
OI001365,ORD000451,Marriage Guy,1,18.89
OI001366,ORD000451,Majority Deep,3,102.59
OI001367,ORD000451,Total Degree,2,79.43
OI001368,ORD000451,Happen Seven,1,85.56
OI001369,ORD000451,Choose We,1,31.79
OI001370,ORD000452,Pull Side,2,197.5
OI001371,ORD000452,Past Ok,3,32.93
OI001372,ORD000452,Close Either,1,40.17
OI001373,ORD000452,Sit Year,3,100.08
OI001374,ORD000453,Six Play,2,5.92
OI001375,ORD000454,Also Plant,1,117.37
OI001376,ORD000454,Rock The,1,100.47
OI001377,ORD000455,Smile Live,2,89.57
OI001378,ORD000455,Role Positive,2,83.66
OI001379,ORD000455,Center Cut,1,79.75
OI001380,ORD000455,One Few,3,109.09
OI001381,ORD000455,Heart Third,1,77.75
OI001382,ORD000456,Send Father,3,42.16
OI001383,ORD000456,Plant Understand,3,5.8
OI001384,ORD000456,Letter Me,3,53.52
OI001385,ORD000456,Mrs Some,2,176.01
OI001386,ORD000456,Billion We,2,30.14
OI001387,ORD000457,Bar Stock,1,64.69
OI001388,ORD000457,But Technology,2,165.65
OI001389,ORD000457,Join Knowledge,2,189.95
OI001390,ORD000457,Charge Do,3,146.93
OI001391,ORD000457,Usually Really,2,107.2
OI001392,ORD000458,Become Animal,1,75.05
OI001393,ORD000458,Specific Food,2,37.15
OI001394,ORD000458,Continue Stay,1,8.73
OI001395,ORD000458,Ball Measure,1,146.8
OI001396,ORD000459,Long Important,1,103.4
OI001397,ORD000459,Idea Population,3,76.49
OI001398,ORD000459,Where Talk,2,159.46
OI001399,ORD000459,Happy Camera,2,175.93
OI001400,ORD000459,Any Together,3,155.39
OI001401,ORD000460,Term Process,3,198.96
OI001402,ORD000460,War Hair,1,26.08
OI001403,ORD000460,Real Hot,1,14.41
OI001404,ORD000460,Call Happy,2,86.27
OI001405,ORD000460,Suggest Make,2,29.1
OI001406,ORD000461,Late Impact,3,140.56
OI001407,ORD000461,Economy Opportunity,2,6.81
OI001408,ORD000462,Natural Even,3,57.65
OI001409,ORD000462,Process Industry,2,141.64
OI001410,ORD000462,Herself Central,1,166.98
OI001411,ORD000462,Lay Professor,3,104.76
OI001412,ORD000462,Property Include,1,27.96
OI001413,ORD000463,Single Leave,2,43.95
OI001414,ORD000463,Company Myself,1,167.14
OI001415,ORD000463,World Forward,2,74.79
OI001416,ORD000463,Actually Argue,1,62.59
OI001417,ORD000463,Beat Red,1,111.89
OI001418,ORD000464,Some Goal,1,7.49
OI001419,ORD000465,Cold Might,1,34.08
OI001420,ORD000465,Reveal Camera,1,157.01
OI001421,ORD000465,Significant To,1,146.09
OI001422,ORD000465,Ago Stage,3,181.43
OI001423,ORD000466,Quite Century,2,197.79
OI001424,ORD000466,Safe Can,1,56.5
OI001425,ORD000466,Relate Serious,1,24.46
OI001426,ORD000466,Car Know,2,175.46
OI001427,ORD000467,Candidate Central,1,88.07
OI001428,ORD000467,Society Your,1,23.52
OI001429,ORD000467,Mention Recognize,1,6.89
OI001430,ORD000468,Down Tell,2,191.24
OI001431,ORD000468,Experience Beyond,1,176.3
OI001432,ORD000468,Father Number,2,77.66
OI001433,ORD000468,Church Finish,2,40.66
OI001434,ORD000469,Western Deep,3,167.96
OI001435,ORD000469,Difference Claim,2,170.88
OI001436,ORD000469,Have Three,1,131.53
OI001437,ORD000470,Whatever Traditional,1,140.75
OI001438,ORD000470,Say Peace,1,196.41
OI001439,ORD000471,Claim Within,2,182.69
OI001440,ORD000471,Write Base,3,161.44
OI001441,ORD000471,Among Across,3,90.44
OI001442,ORD000471,Safe Adult,2,79.05
OI001443,ORD000472,He Go,3,173.2
OI001444,ORD000473,Contain Fine,1,184.48
OI001445,ORD000473,Ok Player,2,178.08
OI001446,ORD000473,Structure Letter,2,13.96
OI001447,ORD000473,Page Start,1,132.72
OI001448,ORD000474,Hospital Bank,1,146.14
OI001449,ORD000474,Street Official,3,195.69
OI001450,ORD000474,Nearly Meet,3,175.26
OI001451,ORD000474,Decade Theory,3,107.01
OI001452,ORD000474,Officer Analysis,2,125.56
OI001453,ORD000475,Direction Thus,3,72.42
OI001454,ORD000475,Key Certainly,1,130.07
OI001455,ORD000475,Adult Yard,3,168.61
OI001456,ORD000475,Mouth Minute,3,178.95
OI001457,ORD000476,Than I,2,170.52
OI001458,ORD000476,Kind Support,1,174.54
OI001459,ORD000476,Several Marriage,2,151.53
OI001460,ORD000476,Police Himself,2,51.97
OI001461,ORD000476,Eye Mr,1,14.82
OI001462,ORD000477,Season Single,1,83.64
OI001463,ORD000477,Mother Record,2,20.37
OI001464,ORD000477,Strategy Our,2,161.25
OI001465,ORD000477,Phone Pressure,2,22.16
OI001466,ORD000478,Radio Set,2,28.15
OI001467,ORD000478,Sit Such,1,150.32
OI001468,ORD000478,Every Year,2,25.02
OI001469,ORD000479,Feel Painting,3,166.05
OI001470,ORD000480,Such Statement,3,178.57
OI001471,ORD000480,By Two,3,45.34
OI001472,ORD000480,Become Environment,2,93.96
OI001473,ORD000481,Miss Leave,2,169.64
OI001474,ORD000481,A Plant,3,114.23
OI001475,ORD000482,Hotel Nothing,2,144.75
OI001476,ORD000482,Dream Into,1,144.6
OI001477,ORD000482,Program Perform,3,24.0
OI001478,ORD000482,Treatment Window,2,48.24
OI001479,ORD000483,According Training,2,111.8
OI001480,ORD000483,Quickly Southern,1,141.91
OI001481,ORD000483,Study Father,2,179.89
