event_id,anon_or_cust_id,event_type,event_timestamp
EVT000000,CUST00067,add_to_cart,2026-05-24 20:58:03.119500
EVT000001,anon_4b094e1c,checkout_start,2026-03-13 02:26:35.880163
EVT000002,anon_f53853c7,product_view,2026-07-19 18:30:59.880291
EVT000003,anon_49d1346c,add_to_cart,2026-06-20 22:10:25.798114
EVT000004,CUST00076,product_view,2026-06-21 22:44:57.206549
EVT000005,anon_ec508276,add_to_cart,2026-03-07 11:52:51.733120
EVT000006,CUST00068,checkout_start,2026-03-07 18:50:45.470076
EVT000007,anon_659f2f77,checkout_start,2026-04-22 08:40:05.633037
EVT000008,CUST00290,page_view,2026-04-25 21:23:51.539832
EVT000009,CUST00083,page_view,2026-06-14 19:07:23.039675
EVT000010,CUST00130,product_view,2026-06-01 15:45:46.947644
EVT000011,anon_01e7cd95,page_view,2026-05-28 16:43:19.948967
EVT000012,CUST00171,checkout_start,2026-08-04 00:25:54.664960
EVT000013,CUST00286,checkout_start,2026-06-02 04:00:09.139791
EVT000014,CUST00210,page_view,2026-05-09 12:08:41.960217
EVT000015,CUST00101,add_to_cart,2026-08-10 06:37:02.420527
EVT000016,anon_77e1783a,checkout_start,2026-04-21 21:43:26.439329
EVT000017,CUST00261,product_view,2026-04-14 17:16:08.530295
EVT000018,anon_94136872,product_view,2026-05-05 16:06:47.242624
EVT000019,anon_a9be5531,product_view,2026-06-07 13:05:53.948986
EVT000020,anon_9b51a23b,product_view,2026-07-14 18:16:04.900303
EVT000021,anon_43239c8c,add_to_cart,2026-02-12 15:54:26.906071
EVT000022,anon_d44982c9,checkout_start,2026-04-30 21:11:34.297976
EVT000023,CUST00292,product_view,2026-03-19 14:04:23.657317
EVT000024,anon_a3505e22,page_view,2026-06-17 06:28:33.473847
EVT000025,CUST00175,add_to_cart,2026-05-24 10:25:46.908574
EVT000026,CUST00149,checkout_start,2026-07-08 08:06:47.772407
EVT000027,anon_82fa8600,product_view,2026-07-31 03:21:08.669197
EVT000028,CUST00227,checkout_start,2026-05-30 10:51:27.300874
EVT000029,anon_05c642f6,product_view,2026-08-09 00:39:12.696840
EVT000030,CUST00094,page_view,2026-05-07 18:27:47.661015
EVT000031,CUST00120,checkout_start,2026-03-15 23:16:06.876620
EVT000032,anon_5be096a1,page_view,2026-02-21 09:34:03.665656
EVT000033,CUST00203,page_view,2026-04-27 22:22:00.592750
EVT000034,CUST00242,page_view,2026-04-26 23:17:06.982386
EVT000035,CUST00203,page_view,2026-04-07 08:44:14.259002
EVT000036,CUST00079,page_view,2026-06-06 17:17:34.297890
EVT000037,anon_b306a196,product_view,2026-06-01 13:35:13.036314
EVT000038,CUST00126,checkout_start,2026-04-08 18:06:10.372411
EVT000039,CUST00064,add_to_cart,2026-04-14 09:28:47.870198
EVT000040,CUST00087,page_view,2026-07-18 13:50:42.704671
EVT000041,CUST00182,checkout_start,2026-04-27 08:27:37.538464
EVT000042,anon_69ed073e,product_view,2026-06-16 12:27:22.742663
EVT000043,anon_9f209565,checkout_start,2026-04-07 04:03:17.099631
EVT000044,CUST00069,add_to_cart,2026-04-12 22:54:45.029328
EVT000045,CUST00233,product_view,2026-06-22 02:30:31.307885
EVT000046,CUST00273,checkout_start,2026-04-22 15:05:50.973094
EVT000047,anon_bbac34db,product_view,2026-05-07 08:31:05.320734
EVT000048,CUST00045,product_view,2026-06-14 02:46:55.231364
EVT000049,CUST00211,checkout_start,2026-03-21 03:45:24.422140
EVT000050,CUST00005,page_view,2026-03-07 16:44:38.844895
EVT000051,CUST00069,checkout_start,2026-07-19 00:11:00.233629
EVT000052,CUST00273,page_view,2026-05-20 17:12:11.142766
EVT000053,anon_946007c1,product_view,2026-05-31 22:54:18.545222
EVT000054,anon_bac2b4d3,product_view,2026-06-29 11:25:01.083493
EVT000055,CUST00220,checkout_start,2026-03-05 23:57:33.425731
EVT000056,CUST00003,checkout_start,2026-04-05 16:49:40.898817
EVT000057,CUST00287,product_view,2026-02-16 10:56:07.646154
EVT000058,CUST00083,product_view,2026-04-25 13:20:18.940796
EVT000059,anon_9e275a2f,add_to_cart,2026-08-05 23:31:21.408129
EVT000060,CUST00216,add_to_cart,2026-04-27 21:05:46.251372
EVT000061,CUST00139,checkout_start,2026-03-03 19:50:11.444151
EVT000062,anon_559c6931,checkout_start,2026-06-30 22:01:56.069959
EVT000063,CUST00035,add_to_cart,2026-05-26 08:56:51.691993
EVT000064,CUST00056,product_view,2026-06-12 02:24:26.290944
EVT000065,anon_75ce5297,checkout_start,2026-04-19 10:11:18.249714
EVT000066,anon_88740d1f,product_view,2026-07-18 16:33:34.105763
EVT000067,CUST00009,add_to_cart,2026-06-15 17:55:03.020499
EVT000068,CUST00273,page_view,2026-07-02 22:06:54.949274
EVT000069,CUST00052,checkout_start,2026-07-05 21:59:57.455623
EVT000070,CUST00224,page_view,2026-06-21 22:13:12.588325
EVT000071,CUST00077,page_view,2026-07-10 05:41:20.088650
EVT000072,CUST00175,product_view,2026-02-17 19:11:49.823905
EVT000073,CUST00255,checkout_start,2026-05-11 10:09:04.567631
EVT000074,CUST00016,checkout_start,2026-03-20 00:42:13.462504
EVT000075,CUST00074,page_view,2026-05-18 14:13:43.646460
EVT000076,CUST00200,page_view,2026-07-30 16:07:10.717746
EVT000077,CUST00092,add_to_cart,2026-08-08 22:30:53.904394
EVT000078,anon_9bdef26b,checkout_start,2026-03-15 04:25:19.302915
EVT000079,anon_842f358b,page_view,2026-02-17 22:46:53.652027
EVT000080,CUST00127,product_view,2026-03-05 19:28:50.214684
EVT000081,anon_718e5a9a,product_view,2026-07-14 09:33:30.391494
EVT000082,CUST00017,add_to_cart,2026-04-11 16:23:26.770190
EVT000083,CUST00048,add_to_cart,2026-07-26 03:15:20.846693
EVT000084,CUST00159,checkout_start,2026-03-12 08:35:19.546465
EVT000085,CUST00021,page_view,2026-03-19 05:34:38.589391
EVT000086,CUST00152,add_to_cart,2026-08-03 06:45:37.240230
EVT000087,CUST00026,add_to_cart,2026-06-21 02:00:54.140429
EVT000088,anon_ce900b07,add_to_cart,2026-03-10 12:54:00.626938
EVT000089,anon_f4776968,checkout_start,2026-05-05 05:54:02.206096
EVT000090,CUST00141,page_view,2026-05-02 19:47:05.362131
EVT000091,CUST00124,page_view,2026-06-23 13:49:38.765194
EVT000092,anon_472b1d08,product_view,2026-03-24 11:52:02.574331
EVT000093,anon_c23614e7,add_to_cart,2026-05-24 02:59:50.697591
EVT000094,CUST00045,add_to_cart,2026-03-25 00:44:55.412649
EVT000095,CUST00046,checkout_start,2026-03-04 06:16:25.419672
EVT000096,anon_b7b9a811,page_view,2026-06-24 05:46:06.198633
EVT000097,CUST00078,page_view,2026-04-19 05:18:49.916176
EVT000098,CUST00119,checkout_start,2026-05-27 16:19:28.836174
EVT000099,anon_78d68d25,checkout_start,2026-07-15 13:40:01.183346
EVT000100,anon_21235e66,product_view,2026-07-11 21:35:57.216233
EVT000101,anon_24101a7d,page_view,2026-07-09 14:42:02.096583
EVT000102,anon_2eb6f81d,checkout_start,2026-06-05 22:55:05.305463
EVT000103,anon_d20b632e,checkout_start,2026-05-24 11:46:45.285660
EVT000104,anon_5f536adf,product_view,2026-06-13 19:37:13.776706
EVT000105,anon_72bf2441,checkout_start,2026-07-16 00:08:17.563165
EVT000106,CUST00250,add_to_cart,2026-05-24 06:41:21.075169
EVT000107,CUST00278,checkout_start,2026-06-18 20:45:19.615154
EVT000108,CUST00239,checkout_start,2026-03-12 19:45:31.929054
EVT000109,anon_08b60381,add_to_cart,2026-05-04 13:46:36.047734
EVT000110,CUST00079,product_view,2026-07-28 06:00:06.893427
EVT000111,CUST00134,checkout_start,2026-06-30 03:59:03.461051
EVT000112,CUST00259,product_view,2026-03-29 07:20:52.337466
EVT000113,anon_b64df45d,page_view,2026-04-20 19:52:47.715543
EVT000114,anon_8fcf75e3,checkout_start,2026-04-10 14:31:39.060748
EVT000115,anon_c0f4d092,add_to_cart,2026-04-04 11:16:06.267413
EVT000116,CUST00032,product_view,2026-04-03 02:22:10.265970
EVT000117,CUST00254,add_to_cart,2026-06-29 22:50:29.759467
EVT000118,anon_82d3c87f,checkout_start,2026-04-23 05:46:37.951380
EVT000119,CUST00164,page_view,2026-04-02 20:07:55.814542
EVT000120,CUST00034,page_view,2026-04-16 16:27:11.901934
EVT000121,anon_7a12c5d6,add_to_cart,2026-07-23 16:52:40.233439
EVT000122,CUST00016,add_to_cart,2026-03-23 14:21:32.397966
EVT000123,CUST00098,page_view,2026-07-18 20:14:27.514905
EVT000124,CUST00198,product_view,2026-04-15 23:18:11.281460
EVT000125,CUST00131,page_view,2026-04-25 13:19:46.427882
EVT000126,CUST00036,page_view,2026-04-26 19:30:17.894519
EVT000127,anon_b1941b36,add_to_cart,2026-07-13 12:56:30.755302
EVT000128,anon_4d069bba,page_view,2026-03-27 06:32:12.764653
EVT000129,CUST00031,checkout_start,2026-07-16 22:05:24.524981
EVT000130,CUST00212,checkout_start,2026-07-13 03:40:00.883669
EVT000131,anon_d5f5bffb,page_view,2026-06-20 00:37:17.210476
EVT000132,anon_3531e708,checkout_start,2026-06-14 10:38:57.120350
EVT000133,CUST00036,checkout_start,2026-03-14 07:57:39.261459
EVT000134,CUST00110,page_view,2026-07-25 15:47:59.465622
EVT000135,CUST00118,product_view,2026-06-10 06:39:37.138320
EVT000136,CUST00269,add_to_cart,2026-05-31 12:15:44.475784
EVT000137,CUST00091,product_view,2026-07-31 04:40:19.834605
EVT000138,anon_edad36d7,checkout_start,2026-04-23 11:23:51.997840
EVT000139,anon_7745b85f,product_view,2026-06-22 16:17:33.165512
EVT000140,anon_2f10e23b,add_to_cart,2026-05-30 16:01:39.569708
EVT000141,anon_d5b8637d,product_view,2026-05-23 02:01:58.765798
EVT000142,CUST00080,product_view,2026-03-31 12:20:59.863962
EVT000143,anon_4838a691,checkout_start,2026-08-02 04:14:51.099013
EVT000144,CUST00166,checkout_start,2026-08-02 19:51:26.740917
EVT000145,CUST00220,checkout_start,2026-02-25 23:14:08.355598
EVT000146,anon_97b0a2e8,add_to_cart,2026-05-29 19:19:23.921581
EVT000147,CUST00281,checkout_start,2026-06-14 02:50:35.143441
EVT000148,CUST00231,product_view,2026-03-22 07:02:16.948126
EVT000149,anon_afbf476f,page_view,2026-08-09 04:27:14.901239
EVT000150,anon_e6e13814,checkout_start,2026-03-22 05:18:47.507511
EVT000151,CUST00265,add_to_cart,2026-08-06 13:09:59.737339
EVT000152,anon_6dce5c10,checkout_start,2026-05-15 07:43:56.383714
EVT000153,CUST00113,add_to_cart,2026-05-20 13:59:44.113460
EVT000154,anon_5ce87191,page_view,2026-07-16 08:03:34.294985
EVT000155,anon_2b60a84f,checkout_start,2026-04-22 13:04:02.988822
EVT000156,anon_1b187348,add_to_cart,2026-07-14 17:07:53.921632
EVT000157,CUST00235,checkout_start,2026-04-01 11:45:14.911774
EVT000158,CUST00135,checkout_start,2026-04-01 19:50:14.539577
EVT000159,anon_bdc9833f,add_to_cart,2026-03-12 09:58:31.720775
EVT000160,CUST00153,page_view,2026-05-16 04:24:39.116552
EVT000161,CUST00291,add_to_cart,2026-05-15 02:04:08.302663
EVT000162,anon_6e3c1a34,checkout_start,2026-07-01 12:14:33.632386
EVT000163,anon_94dbca13,add_to_cart,2026-03-03 12:30:53.339316
EVT000164,CUST00295,page_view,2026-06-18 00:30:44.973415
EVT000165,CUST00153,page_view,2026-07-19 21:05:00.448036
EVT000166,anon_c47faad4,product_view,2026-07-12 10:12:32.542344
EVT000167,CUST00028,checkout_start,2026-07-21 23:06:30.992916
EVT000168,CUST00222,product_view,2026-06-12 11:54:07.902412
EVT000169,anon_ee35e692,page_view,2026-07-24 00:45:54.600826
EVT000170,anon_687438ff,add_to_cart,2026-05-18 15:26:18.783944
EVT000171,anon_1a1dcee3,page_view,2026-07-17 01:08:44.053643
EVT000172,anon_752fcc2b,product_view,2026-05-29 14:12:33.394823
EVT000173,CUST00268,page_view,2026-04-16 08:18:17.294834
EVT000174,CUST00289,add_to_cart,2026-06-27 21:10:37.786226
EVT000175,CUST00113,add_to_cart,2026-05-23 20:26:31.065132
EVT000176,CUST00201,product_view,2026-05-22 00:59:40.590463
EVT000177,anon_be216ca4,page_view,2026-05-09 13:47:31.197906
EVT000178,CUST00148,product_view,2026-05-30 09:56:09.415301
EVT000179,CUST00172,page_view,2026-05-15 04:35:54.205434
EVT000180,CUST00025,product_view,2026-06-17 12:37:16.252120
EVT000181,CUST00204,product_view,2026-04-15 14:18:45.180501
EVT000182,anon_62c2e4f9,add_to_cart,2026-04-03 02:24:48.664815
EVT000183,anon_55d1c1c5,product_view,2026-04-19 02:34:19.469348
EVT000184,CUST00249,product_view,2026-07-02 09:29:05.250587
EVT000185,anon_c8d84b48,add_to_cart,2026-04-14 20:57:09.462995
EVT000186,CUST00268,add_to_cart,2026-03-13 23:14:04.021756
EVT000187,CUST00136,product_view,2026-07-27 09:20:24.930469
EVT000188,CUST00294,page_view,2026-08-06 05:35:25.063764
EVT000189,CUST00211,product_view,2026-06-07 04:04:30.715410
EVT000190,CUST00097,checkout_start,2026-04-25 00:12:52.028870
EVT000191,CUST00012,checkout_start,2026-06-25 19:37:05.524219
EVT000192,CUST00179,product_view,2026-03-04 23:04:34.052528
EVT000193,anon_b30c2f7a,product_view,2026-03-27 11:01:32.867039
EVT000194,CUST00119,add_to_cart,2026-07-30 03:04:42.175116
EVT000195,anon_696c0f58,add_to_cart,2026-06-15 13:23:54.943332
EVT000196,anon_c8d4cd27,page_view,2026-07-01 00:52:07.162940
EVT000197,CUST00027,add_to_cart,2026-07-06 11:21:30.831589
EVT000198,anon_1695ff5f,add_to_cart,2026-07-05 22:57:55.232680
EVT000199,anon_f36b2043,checkout_start,2026-04-29 20:21:46.167725
EVT000200,CUST00056,checkout_start,2026-07-26 06:01:43.632145
EVT000201,CUST00011,checkout_start,2026-06-11 14:31:19.933016
EVT000202,CUST00275,add_to_cart,2026-03-08 03:12:06.031863
EVT000203,CUST00267,checkout_start,2026-04-13 00:36:09.857286
EVT000204,CUST00072,page_view,2026-05-06 01:09:09.869623
EVT000205,CUST00269,page_view,2026-05-31 02:54:09.301656
EVT000206,CUST00030,checkout_start,2026-05-10 13:46:38.549838
EVT000207,CUST00138,page_view,2026-02-28 12:17:19.991927
EVT000208,CUST00004,page_view,2026-04-09 15:13:44.089311
EVT000209,CUST00138,checkout_start,2026-03-14 23:30:28.626888
EVT000210,anon_6345192e,page_view,2026-04-24 02:29:09.452367
EVT000211,CUST00197,add_to_cart,2026-06-03 05:31:45.349003
EVT000212,anon_26c62628,page_view,2026-07-09 23:50:35.752841
EVT000213,anon_f1cf1ef3,product_view,2026-03-18 03:10:44.993896
EVT000214,anon_a0c09987,page_view,2026-06-10 17:11:58.807297
EVT000215,CUST00256,product_view,2026-08-03 09:56:54.581601
EVT000216,CUST00011,page_view,2026-07-01 15:53:34.391594
EVT000217,CUST00271,checkout_start,2026-06-24 14:36:27.558389
EVT000218,CUST00201,add_to_cart,2026-06-11 03:27:43.387141
EVT000219,CUST00180,checkout_start,2026-04-11 19:44:41.508334
EVT000220,anon_4633dc09,add_to_cart,2026-03-27 07:58:39.978657
EVT000221,anon_823b7f70,checkout_start,2026-05-12 15:41:22.617839
EVT000222,anon_77587d99,checkout_start,2026-04-01 16:26:46.300700
EVT000223,anon_293c54cc,page_view,2026-02-12 15:39:58.686775
EVT000224,anon_0dff7be4,checkout_start,2026-02-25 17:22:44.187477
EVT000225,CUST00174,product_view,2026-04-20 21:35:49.365894
EVT000226,anon_78cd0524,page_view,2026-04-29 01:57:18.497055
EVT000227,anon_5c1a9454,add_to_cart,2026-03-21 10:12:05.361553
EVT000228,CUST00293,add_to_cart,2026-07-11 20:57:47.865648
EVT000229,CUST00159,checkout_start,2026-04-09 19:51:42.993436
EVT000230,CUST00067,add_to_cart,2026-03-03 14:45:40.710680
EVT000231,anon_5b42e9c8,add_to_cart,2026-04-24 22:41:56.229775
EVT000232,anon_0a7ad305,checkout_start,2026-07-13 04:56:19.747556
EVT000233,anon_643fc702,add_to_cart,2026-07-28 09:47:27.233732
EVT000234,CUST00074,add_to_cart,2026-03-11 03:34:08.618423
EVT000235,CUST00285,page_view,2026-04-06 18:09:51.783713
EVT000236,CUST00074,page_view,2026-02-14 02:37:03.510763
EVT000237,anon_49b768bf,product_view,2026-02-12 00:52:47.323320
EVT000238,anon_bf2b6820,checkout_start,2026-05-05 14:57:08.342751
EVT000239,CUST00140,add_to_cart,2026-03-30 09:13:24.817321
EVT000240,anon_fc029859,page_view,2026-04-12 17:33:58.255538
EVT000241,CUST00013,checkout_start,2026-03-11 09:40:20.868190
EVT000242,anon_cf490742,add_to_cart,2026-05-16 12:37:20.371926
EVT000243,CUST00118,page_view,2026-05-13 04:07:42.788424
EVT000244,CUST00244,add_to_cart,2026-02-16 14:33:15.929392
EVT000245,CUST00240,checkout_start,2026-07-10 11:38:21.714907
EVT000246,CUST00198,product_view,2026-05-25 20:10:05.742068
EVT000247,CUST00083,add_to_cart,2026-06-18 02:55:07.193402
EVT000248,CUST00209,page_view,2026-07-21 00:43:29.390138
EVT000249,anon_6a663ef1,product_view,2026-05-21 01:25:52.683242
EVT000250,CUST00103,add_to_cart,2026-07-01 20:30:35.512041
EVT000251,CUST00224,product_view,2026-04-03 15:35:07.183614
EVT000252,anon_e3eb8ba1,product_view,2026-02-19 20:23:14.508625
EVT000253,anon_0f805c0d,product_view,2026-07-03 01:48:15.741724
EVT000254,CUST00021,product_view,2026-07-13 10:39:40.498206
EVT000255,anon_f7efd9c7,product_view,2026-06-27 10:47:23.236406
EVT000256,anon_27d6dec2,page_view,2026-07-15 20:11:31.143293
EVT000257,CUST00231,product_view,2026-04-02 08:59:05.942534
EVT000258,anon_683a2485,page_view,2026-04-10 08:35:10.949206
EVT000259,anon_5d493e2a,add_to_cart,2026-02-24 01:23:13.206590
EVT000260,CUST00202,page_view,2026-04-25 20:04:21.257274
EVT000261,CUST00264,page_view,2026-03-31 03:28:50.701214
EVT000262,CUST00225,product_view,2026-05-19 21:03:00.620888
EVT000263,anon_3a9ea68a,checkout_start,2026-02-16 10:54:35.209486
EVT000264,CUST00216,checkout_start,2026-07-03 13:43:50.204618
EVT000265,anon_d9701ac6,page_view,2026-05-03 00:43:50.598070
EVT000266,anon_5d094b95,add_to_cart,2026-02-22 20:02:03.407847
EVT000267,CUST00231,page_view,2026-08-08 18:09:40.780921
EVT000268,anon_b8e1b5b2,page_view,2026-03-27 23:57:26.627609
EVT000269,CUST00299,add_to_cart,2026-04-12 05:24:33.020841
EVT000270,CUST00165,product_view,2026-02-22 09:43:27.838543
EVT000271,CUST00232,add_to_cart,2026-06-08 13:19:54.321669
EVT000272,anon_75478cb6,page_view,2026-02-12 15:30:45.758637
EVT000273,CUST00083,page_view,2026-05-22 22:03:51.672366
EVT000274,CUST00230,checkout_start,2026-08-11 19:46:34.379545
EVT000275,CUST00196,add_to_cart,2026-07-17 12:25:11.142881
EVT000276,CUST00194,page_view,2026-03-04 17:37:08.932408
EVT000277,anon_10e711c4,checkout_start,2026-05-10 12:21:30.435647
EVT000278,CUST00076,add_to_cart,2026-08-03 19:49:35.784340
EVT000279,anon_d0d4c613,add_to_cart,2026-07-02 23:40:43.355495
EVT000280,anon_1257e53a,page_view,2026-04-08 19:50:12.230152
EVT000281,CUST00158,product_view,2026-02-12 11:25:56.360919
EVT000282,CUST00092,page_view,2026-07-04 06:46:36.739728
EVT000283,anon_cf73f3b5,add_to_cart,2026-05-01 06:40:01.224621
EVT000284,CUST00129,page_view,2026-03-25 13:59:41.968816
EVT000285,CUST00255,page_view,2026-07-26 06:49:43.114523
EVT000286,anon_780b2005,product_view,2026-03-30 11:27:26.451428
EVT000287,CUST00243,product_view,2026-02-12 17:02:22.069271
EVT000288,CUST00040,page_view,2026-02-13 03:42:05.398731
EVT000289,CUST00280,checkout_start,2026-04-10 17:55:26.535508
EVT000290,anon_bbbf2aaa,add_to_cart,2026-05-26 06:05:56.125387
EVT000291,CUST00075,page_view,2026-04-12 02:33:26.827483
EVT000292,anon_1892f015,page_view,2026-07-02 12:24:45.477611
EVT000293,CUST00016,checkout_start,2026-07-21 05:16:46.354605
EVT000294,CUST00044,page_view,2026-04-21 00:46:22.706659
EVT000295,CUST00091,add_to_cart,2026-07-21 20:44:35.674483
EVT000296,anon_df011880,add_to_cart,2026-07-01 11:42:14.921775
EVT000297,anon_b5989586,checkout_start,2026-06-29 01:39:40.458544
EVT000298,anon_f9a4d749,page_view,2026-03-18 14:45:15.576779
EVT000299,anon_da7fd5a9,checkout_start,2026-08-09 02:51:58.766667
EVT000300,CUST00194,page_view,2026-06-07 02:23:05.640813
EVT000301,anon_6491ff85,page_view,2026-04-29 10:28:31.952759
EVT000302,CUST00068,page_view,2026-06-09 21:55:42.861436
EVT000303,anon_685ba247,checkout_start,2026-04-02 02:32:23.227049
EVT000304,CUST00211,add_to_cart,2026-07-17 02:56:52.332463
EVT000305,anon_f391ab99,page_view,2026-02-21 06:58:15.949219
EVT000306,CUST00270,page_view,2026-06-11 06:26:28.339085
EVT000307,CUST00147,product_view,2026-06-29 03:40:59.823268
EVT000308,anon_a140c800,checkout_start,2026-05-22 00:56:45.940491
EVT000309,CUST00294,checkout_start,2026-06-06 15:04:34.166454
EVT000310,anon_948e2e6b,product_view,2026-07-27 23:16:29.883981
EVT000311,CUST00254,product_view,2026-05-14 22:28:14.467013
EVT000312,anon_d13ceadb,add_to_cart,2026-03-11 14:42:26.918162
EVT000313,anon_f87872b5,add_to_cart,2026-04-13 18:09:14.119497
EVT000314,CUST00012,product_view,2026-07-27 23:38:46.501992
EVT000315,anon_a710db40,page_view,2026-07-13 00:18:40.563531
EVT000316,anon_b87f8ddc,add_to_cart,2026-06-30 17:24:33.268080
EVT000317,anon_86e920e8,product_view,2026-05-10 23:36:44.452539
EVT000318,CUST00170,checkout_start,2026-02-19 05:54:22.354633
EVT000319,CUST00108,page_view,2026-03-30 21:19:20.231611
EVT000320,anon_d2384490,checkout_start,2026-05-11 12:42:54.383912
EVT000321,CUST00034,checkout_start,2026-07-04 07:55:39.516881
EVT000322,CUST00281,checkout_start,2026-05-08 04:26:20.737883
EVT000323,anon_ad9420d2,page_view,2026-07-23 15:36:12.431383
EVT000324,anon_d0183a98,checkout_start,2026-07-24 07:04:23.723531
EVT000325,CUST00291,page_view,2026-07-25 14:34:26.484509
EVT000326,anon_dbbf5e01,add_to_cart,2026-03-24 17:10:57.643150
EVT000327,CUST00173,product_view,2026-03-07 11:39:37.893501
EVT000328,anon_1f2f9240,page_view,2026-07-08 05:21:29.611081
EVT000329,anon_729532d0,product_view,2026-04-12 13:43:20.580858
EVT000330,CUST00235,checkout_start,2026-08-11 08:20:33.514023
EVT000331,CUST00211,page_view,2026-06-11 05:32:55.325325
EVT000332,anon_9e2882e0,checkout_start,2026-03-09 05:49:34.334316
EVT000333,CUST00161,page_view,2026-06-21 03:05:39.836070
EVT000334,CUST00169,checkout_start,2026-08-06 17:04:00.173407
EVT000335,CUST00076,checkout_start,2026-04-19 15:01:26.001277
EVT000336,anon_3863a421,checkout_start,2026-07-10 13:37:50.722915
EVT000337,anon_5c61847a,add_to_cart,2026-06-18 07:03:44.733571
EVT000338,CUST00199,add_to_cart,2026-07-28 10:57:57.331423
EVT000339,CUST00157,checkout_start,2026-03-09 16:38:55.166773
EVT000340,anon_bd3e1d81,checkout_start,2026-02-14 12:32:42.556012
EVT000341,CUST00254,add_to_cart,2026-05-03 07:01:43.010891
EVT000342,CUST00154,add_to_cart,2026-08-08 16:13:32.383720
EVT000343,CUST00089,page_view,2026-08-10 20:48:51.365917
EVT000344,CUST00019,add_to_cart,2026-04-04 16:46:30.213373
EVT000345,anon_a15145e0,product_view,2026-03-13 11:15:06.256609
EVT000346,CUST00247,add_to_cart,2026-07-27 20:30:29.356951
EVT000347,CUST00247,checkout_start,2026-08-03 17:20:30.076170
EVT000348,anon_426640bd,add_to_cart,2026-02-24 02:13:10.295498
EVT000349,anon_838d6409,page_view,2026-04-01 20:31:41.904811
EVT000350,anon_164dd4f1,add_to_cart,2026-05-31 02:54:40.203788
EVT000351,CUST00018,product_view,2026-05-23 22:59:15.274934
EVT000352,CUST00267,page_view,2026-04-26 05:00:13.483768
EVT000353,CUST00022,page_view,2026-02-16 04:41:14.406486
EVT000354,CUST00023,page_view,2026-03-23 17:22:38.957457
EVT000355,CUST00159,page_view,2026-05-19 12:23:14.255242
EVT000356,CUST00159,add_to_cart,2026-05-22 22:24:54.557089
EVT000357,CUST00098,checkout_start,2026-07-12 21:44:11.413817
EVT000358,CUST00163,product_view,2026-03-10 18:47:45.296734
EVT000359,anon_088c1c7d,checkout_start,2026-02-17 12:12:21.335114
EVT000360,CUST00140,page_view,2026-03-18 13:53:45.771084
EVT000361,CUST00286,page_view,2026-04-03 12:33:54.549944
EVT000362,CUST00179,checkout_start,2026-06-12 20:37:30.645344
EVT000363,CUST00145,add_to_cart,2026-05-28 20:08:50.518033
EVT000364,CUST00159,checkout_start,2026-08-11 05:31:48.709183
EVT000365,CUST00025,add_to_cart,2026-05-20 20:49:03.207281
EVT000366,CUST00025,page_view,2026-06-21 08:16:52.181345
EVT000367,CUST00044,product_view,2026-05-22 20:26:06.286811
EVT000368,CUST00228,checkout_start,2026-05-07 14:12:38.339828
EVT000369,CUST00101,page_view,2026-04-23 05:44:51.008081
EVT000370,anon_1eb8654b,product_view,2026-03-09 17:17:28.178245
EVT000371,CUST00047,product_view,2026-02-12 11:45:10.045876
EVT000372,CUST00158,product_view,2026-05-11 11:03:03.928664
EVT000373,CUST00114,add_to_cart,2026-05-18 04:29:47.139185
EVT000374,anon_33201036,checkout_start,2026-03-06 00:33:12.848063
EVT000375,anon_998307e7,product_view,2026-05-26 16:29:22.294487
EVT000376,CUST00169,checkout_start,2026-02-25 12:37:50.763307
EVT000377,CUST00015,page_view,2026-06-14 07:24:55.633711
EVT000378,CUST00179,product_view,2026-07-21 18:00:36.316599
EVT000379,CUST00087,checkout_start,2026-06-06 00:42:21.638983
EVT000380,anon_22280fa7,add_to_cart,2026-07-04 20:29:31.553819
EVT000381,CUST00207,page_view,2026-05-19 20:36:50.597409
EVT000382,CUST00036,checkout_start,2026-07-06 18:08:27.385601
EVT000383,CUST00205,product_view,2026-04-25 12:21:15.845180
EVT000384,CUST00124,add_to_cart,2026-06-23 16:58:11.738515
EVT000385,anon_5c736c57,product_view,2026-02-15 01:32:32.702009
EVT000386,CUST00106,product_view,2026-04-05 02:51:04.523608
EVT000387,anon_009acba8,product_view,2026-05-28 19:48:46.804866
EVT000388,CUST00175,add_to_cart,2026-08-12 02:41:35.662902
EVT000389,CUST00039,product_view,2026-08-02 11:24:00.126405
EVT000390,CUST00237,checkout_start,2026-07-01 15:01:03.904527
EVT000391,CUST00227,add_to_cart,2026-03-17 05:42:44.467942
EVT000392,CUST00207,page_view,2026-04-16 05:55:34.533739
EVT000393,CUST00194,checkout_start,2026-03-25 22:14:17.653323
EVT000394,CUST00031,page_view,2026-07-30 16:57:11.874941
EVT000395,CUST00071,page_view,2026-07-10 23:12:04.022595
EVT000396,anon_4d129a01,add_to_cart,2026-07-15 22:04:28.210936
EVT000397,CUST00149,product_view,2026-04-01 22:41:04.144090
EVT000398,anon_7ac4751e,product_view,2026-04-24 16:41:06.174042
EVT000399,CUST00162,checkout_start,2026-02-21 09:21:07.962515
EVT000400,CUST00155,product_view,2026-07-06 11:54:42.963533
EVT000401,anon_0d633aff,checkout_start,2026-06-01 11:37:36.847159
EVT000402,anon_5d988615,page_view,2026-04-20 07:03:04.326458
EVT000403,anon_19fb6897,product_view,2026-03-12 10:32:44.608504
EVT000404,anon_77f73e24,checkout_start,2026-03-14 15:27:52.989429
EVT000405,CUST00281,page_view,2026-03-20 09:53:29.709160
EVT000406,CUST00286,checkout_start,2026-03-07 22:24:23.715159
EVT000407,CUST00144,page_view,2026-07-04 23:53:21.652662
EVT000408,CUST00201,checkout_start,2026-06-03 14:18:10.846023
EVT000409,anon_fa67cb7f,product_view,2026-05-23 00:22:16.345564
EVT000410,CUST00279,add_to_cart,2026-03-04 20:08:31.202656
EVT000411,anon_47dfc41b,product_view,2026-08-12 08:03:00.231483
EVT000412,CUST00284,product_view,2026-03-06 22:18:53.586519
EVT000413,anon_c500b7f7,checkout_start,2026-07-07 00:30:24.908082
EVT000414,anon_13d44d81,add_to_cart,2026-03-26 02:03:49.199053
EVT000415,CUST00064,add_to_cart,2026-08-11 17:05:33.004532
EVT000416,CUST00008,add_to_cart,2026-04-30 21:29:28.075428
EVT000417,anon_cbff3365,product_view,2026-05-26 10:21:11.549432
EVT000418,anon_0799b54b,add_to_cart,2026-04-16 05:38:13.765978
EVT000419,CUST00212,product_view,2026-07-02 23:18:53.096233
EVT000420,anon_938ad58d,product_view,2026-06-04 17:02:33.932032
EVT000421,anon_47270603,product_view,2026-06-25 15:54:25.461715
EVT000422,CUST00282,product_view,2026-07-04 07:16:23.721817
EVT000423,CUST00115,add_to_cart,2026-06-01 15:11:03.411998
EVT000424,CUST00003,product_view,2026-06-11 17:25:55.440621
EVT000425,anon_234af7dd,add_to_cart,2026-02-12 19:10:56.484823
EVT000426,anon_94224f76,checkout_start,2026-03-26 04:45:47.128787
EVT000427,CUST00279,checkout_start,2026-05-03 01:50:38.793501
EVT000428,CUST00019,product_view,2026-07-04 02:44:31.341188
EVT000429,anon_cd948e94,page_view,2026-02-11 09:28:27.425564
EVT000430,CUST00040,add_to_cart,2026-03-12 06:42:17.622019
EVT000431,anon_00c47d1a,checkout_start,2026-08-05 20:59:55.331745
EVT000432,CUST00040,page_view,2026-07-17 04:31:27.761030
EVT000433,CUST00039,checkout_start,2026-06-27 00:40:58.588910
EVT000434,anon_7b31dd38,checkout_start,2026-05-07 13:02:27.468077
EVT000435,CUST00005,product_view,2026-07-07 06:43:00.212341
EVT000436,CUST00240,checkout_start,2026-06-01 05:59:20.304610
EVT000437,CUST00150,checkout_start,2026-05-02 10:38:01.647348
EVT000438,CUST00155,checkout_start,2026-05-20 23:37:07.378244
EVT000439,CUST00242,add_to_cart,2026-07-13 22:55:27.671088
EVT000440,CUST00149,page_view,2026-06-24 07:33:51.710672
EVT000441,CUST00042,add_to_cart,2026-05-12 22:48:21.187890
EVT000442,CUST00142,checkout_start,2026-06-05 11:13:05.954039
EVT000443,CUST00143,checkout_start,2026-05-17 08:45:33.649583
EVT000444,anon_3a53d57b,page_view,2026-03-01 07:30:17.150084
EVT000445,anon_92c7ddb1,add_to_cart,2026-06-02 17:28:37.510624
EVT000446,anon_35e5d78b,add_to_cart,2026-04-02 18:43:12.545995
EVT000447,anon_06c632c8,checkout_start,2026-03-16 09:46:05.962808
EVT000448,anon_594fe2b6,checkout_start,2026-07-14 18:54:34.611071
EVT000449,anon_3837acd0,add_to_cart,2026-06-05 17:46:17.798753
EVT000450,CUST00270,page_view,2026-03-04 10:15:52.627922
EVT000451,CUST00043,add_to_cart,2026-04-22 15:04:59.928622
EVT000452,CUST00078,product_view,2026-05-24 07:37:54.227219
EVT000453,anon_5568ac37,product_view,2026-04-25 14:24:30.708055
EVT000454,anon_19818830,add_to_cart,2026-06-18 03:16:11.298822
EVT000455,anon_5008ce6a,add_to_cart,2026-03-06 20:18:13.973900
EVT000456,CUST00176,page_view,2026-02-22 05:29:34.420854
EVT000457,anon_9324ba58,page_view,2026-06-05 03:09:06.809319
EVT000458,CUST00237,product_view,2026-03-04 22:06:32.207949
EVT000459,CUST00243,add_to_cart,2026-04-25 21:46:02.519322
EVT000460,CUST00199,product_view,2026-06-08 17:42:13.201168
EVT000461,CUST00271,product_view,2026-07-23 13:39:41.310541
EVT000462,CUST00229,product_view,2026-03-29 15:37:17.563442
EVT000463,anon_7befbd8b,page_view,2026-06-11 04:54:50.191751
EVT000464,CUST00272,checkout_start,2026-07-09 03:25:03.382894
EVT000465,anon_fa4aa081,product_view,2026-05-23 07:11:48.858981
EVT000466,anon_1dd2eaf0,checkout_start,2026-02-18 06:07:11.145095
EVT000467,CUST00136,page_view,2026-03-12 05:08:36.815550
EVT000468,CUST00299,product_view,2026-03-12 11:53:14.371140
EVT000469,CUST00123,add_to_cart,2026-05-26 11:25:11.840187
EVT000470,CUST00092,checkout_start,2026-07-03 13:28:15.198418
EVT000471,CUST00004,page_view,2026-06-13 15:05:43.385248
EVT000472,CUST00050,page_view,2026-06-15 14:21:38.501853
EVT000473,anon_da976d9e,checkout_start,2026-04-14 20:19:14.375267
EVT000474,CUST00145,checkout_start,2026-07-29 01:04:03.884782
EVT000475,CUST00012,page_view,2026-06-30 17:19:11.188826
EVT000476,CUST00111,page_view,2026-07-15 10:43:02.146558
EVT000477,anon_acd3f749,page_view,2026-04-21 03:01:12.389591
EVT000478,CUST00066,product_view,2026-05-13 04:09:39.751073
EVT000479,anon_7005e384,add_to_cart,2026-04-03 00:55:09.838539
EVT000480,anon_1581c813,add_to_cart,2026-05-04 16:33:35.810706
EVT000481,CUST00239,page_view,2026-07-15 19:12:20.090183
EVT000482,anon_2ad4e43f,checkout_start,2026-03-20 19:23:55.075299
EVT000483,anon_0e4d522b,checkout_start,2026-08-11 07:44:02.078544
EVT000484,CUST00037,checkout_start,2026-02-23 13:42:36.637552
EVT000485,anon_3b10db5a,product_view,2026-07-30 07:10:36.005054
EVT000486,CUST00030,checkout_start,2026-03-09 10:55:49.906042
EVT000487,anon_b5a0f6eb,checkout_start,2026-04-23 18:11:32.150827
EVT000488,CUST00035,product_view,2026-05-13 02:29:23.970175
EVT000489,anon_c5d0c862,add_to_cart,2026-03-23 07:19:21.889612
EVT000490,anon_e553c90d,add_to_cart,2026-07-03 11:21:56.480865
EVT000491,anon_571ca0c9,page_view,2026-03-31 06:12:11.042962
EVT000492,CUST00220,add_to_cart,2026-06-27 20:51:03.772379
EVT000493,anon_7b7878da,page_view,2026-04-23 04:49:56.768178
EVT000494,anon_2dfd9e23,checkout_start,2026-07-28 11:29:52.329353
EVT000495,CUST00037,page_view,2026-05-18 01:54:28.429011
EVT000496,CUST00128,product_view,2026-04-18 14:29:47.840461
EVT000497,CUST00254,add_to_cart,2026-05-11 22:07:57.281244
EVT000498,anon_9f9e3215,page_view,2026-06-16 19:28:55.357068
EVT000499,anon_07d79ca1,product_view,2026-05-24 23:03:00.463067
EVT000500,CUST00168,product_view,2026-05-24 06:15:54.872755
EVT000501,CUST00263,product_view,2026-06-08 16:27:06.933176
EVT000502,CUST00206,page_view,2026-06-09 00:01:22.124924
EVT000503,CUST00001,product_view,2026-02-17 00:48:25.128476
EVT000504,anon_4d791953,product_view,2026-05-01 19:39:44.139389
EVT000505,CUST00274,checkout_start,2026-07-18 00:23:40.005387
EVT000506,CUST00155,product_view,2026-06-15 19:10:28.190840
EVT000507,CUST00046,checkout_start,2026-06-03 18:00:32.179057
EVT000508,CUST00174,page_view,2026-06-24 19:47:59.744718
EVT000509,anon_ee81e32d,checkout_start,2026-04-22 16:42:39.586856
EVT000510,anon_5e039b00,add_to_cart,2026-04-28 18:16:31.921800
EVT000511,CUST00196,add_to_cart,2026-07-23 12:14:33.389120
EVT000512,CUST00199,page_view,2026-02-27 20:38:18.263823
EVT000513,anon_a802e286,checkout_start,2026-05-04 09:27:51.757569
EVT000514,CUST00224,add_to_cart,2026-02-22 21:22:17.631656
EVT000515,CUST00098,page_view,2026-04-02 09:52:02.414199
EVT000516,anon_2242dec3,add_to_cart,2026-04-22 06:45:00.390135
EVT000517,CUST00032,checkout_start,2026-04-26 02:16:40.819639
EVT000518,CUST00230,page_view,2026-07-27 07:04:48.382930
EVT000519,CUST00028,checkout_start,2026-04-03 14:57:40.066854
EVT000520,anon_debc1c27,page_view,2026-04-19 20:16:09.711041
EVT000521,CUST00108,product_view,2026-03-10 07:31:49.554429
EVT000522,anon_68a31168,add_to_cart,2026-03-20 20:23:41.124375
EVT000523,anon_2affcb3e,add_to_cart,2026-05-07 10:21:31.620644
EVT000524,anon_1a16e46f,page_view,2026-06-14 13:13:24.529679
EVT000525,anon_65d72a20,product_view,2026-06-21 07:52:54.157964
EVT000526,anon_35084a1a,product_view,2026-03-08 05:09:18.203108
EVT000527,anon_3d3e1c8d,page_view,2026-08-02 07:17:36.483934
EVT000528,CUST00066,page_view,2026-05-12 07:03:42.753240
EVT000529,CUST00025,checkout_start,2026-05-14 22:13:10.576623
EVT000530,anon_adc2337e,page_view,2026-04-12 16:07:03.465826
EVT000531,CUST00087,page_view,2026-06-05 13:27:04.556701
EVT000532,anon_c49cecdd,page_view,2026-06-01 20:44:06.958939
EVT000533,CUST00112,page_view,2026-05-02 02:47:13.843251
EVT000534,anon_ff5a3159,product_view,2026-03-01 06:28:38.301734
EVT000535,CUST00205,checkout_start,2026-02-22 20:47:06.771359
EVT000536,CUST00294,add_to_cart,2026-04-22 19:21:35.192090
EVT000537,CUST00109,page_view,2026-04-09 11:05:16.843534
EVT000538,CUST00171,page_view,2026-03-17 20:46:06.412067
EVT000539,CUST00072,product_view,2026-04-25 21:00:45.974914
EVT000540,CUST00189,add_to_cart,2026-04-18 09:42:24.131605
EVT000541,CUST00297,page_view,2026-05-16 13:03:10.831700
EVT000542,CUST00192,add_to_cart,2026-07-25 10:18:28.794104
EVT000543,CUST00249,page_view,2026-06-12 23:59:35.939626
EVT000544,CUST00091,page_view,2026-04-05 08:30:26.659813
EVT000545,anon_8d46267b,checkout_start,2026-08-08 08:06:08.760047
EVT000546,CUST00243,add_to_cart,2026-08-06 04:51:07.240890
EVT000547,CUST00138,product_view,2026-05-07 05:53:02.280684
EVT000548,CUST00089,page_view,2026-06-22 07:16:19.377105
EVT000549,CUST00255,page_view,2026-04-16 05:38:31.682171
EVT000550,anon_f9bacba2,checkout_start,2026-05-24 20:13:53.898431
EVT000551,CUST00002,add_to_cart,2026-03-09 06:40:01.733127
EVT000552,CUST00271,page_view,2026-07-02 01:01:52.056397
EVT000553,anon_b7379102,add_to_cart,2026-05-20 08:20:27.149125
EVT000554,CUST00106,checkout_start,2026-03-23 15:43:52.078557
EVT000555,CUST00057,add_to_cart,2026-07-23 04:02:48.233983
EVT000556,anon_688a9b3c,product_view,2026-04-07 20:03:26.252545
EVT000557,CUST00081,page_view,2026-08-07 05:23:51.931724
EVT000558,CUST00186,checkout_start,2026-04-14 00:40:59.190259
EVT000559,CUST00128,checkout_start,2026-05-30 00:52:04.609981
EVT000560,anon_59c91e10,product_view,2026-04-07 04:28:30.858542
EVT000561,CUST00026,add_to_cart,2026-05-13 14:14:52.816068
EVT000562,CUST00014,product_view,2026-02-23 15:47:37.109394
EVT000563,CUST00036,add_to_cart,2026-05-24 06:00:50.949491
EVT000564,anon_432723ac,checkout_start,2026-06-02 05:01:46.977477
EVT000565,CUST00166,add_to_cart,2026-08-05 19:11:30.561581
EVT000566,anon_841013af,checkout_start,2026-02-26 07:50:00.095204
EVT000567,CUST00121,product_view,2026-05-12 17:51:31.315851
EVT000568,anon_a4efe94a,product_view,2026-04-03 20:03:08.522943
EVT000569,anon_cef25105,page_view,2026-03-28 10:22:25.920142
EVT000570,CUST00248,page_view,2026-05-08 22:44:05.794383
EVT000571,anon_5c4772dc,add_to_cart,2026-08-08 07:46:06.033384
EVT000572,CUST00232,add_to_cart,2026-05-01 21:59:48.988703
EVT000573,CUST00069,product_view,2026-05-18 22:59:30.230027
EVT000574,anon_6edcf97a,checkout_start,2026-08-03 08:35:22.644645
EVT000575,anon_249cc80c,add_to_cart,2026-04-13 01:03:46.876002
EVT000576,CUST00016,page_view,2026-06-06 01:24:29.811164
EVT000577,CUST00056,product_view,2026-07-11 23:00:32.320003
EVT000578,CUST00087,checkout_start,2026-02-20 22:01:05.842564
EVT000579,CUST00151,add_to_cart,2026-07-19 04:13:25.048162
EVT000580,anon_bfcd6292,add_to_cart,2026-08-12 01:11:19.448582
EVT000581,CUST00283,add_to_cart,2026-08-10 03:54:55.942909
EVT000582,CUST00267,product_view,2026-08-04 17:42:32.645637
EVT000583,anon_a79c4ae2,add_to_cart,2026-06-15 10:05:42.730594
EVT000584,CUST00236,checkout_start,2026-07-16 03:14:35.608498
EVT000585,CUST00219,add_to_cart,2026-04-01 12:30:52.813239
EVT000586,CUST00222,add_to_cart,2026-04-13 11:43:39.726871
EVT000587,anon_2d6dc61d,add_to_cart,2026-03-29 12:02:43.305161
EVT000588,anon_7ff1b34b,page_view,2026-02-28 08:05:37.294124
EVT000589,CUST00022,page_view,2026-05-29 17:51:38.520852
EVT000590,anon_93f64737,page_view,2026-03-01 07:58:05.739569
EVT000591,CUST00201,product_view,2026-07-20 01:51:37.336662
EVT000592,anon_a0a58564,page_view,2026-04-26 08:01:58.393454
EVT000593,CUST00123,page_view,2026-05-09 12:41:56.678989
EVT000594,CUST00006,product_view,2026-05-08 07:26:05.614385
EVT000595,anon_11af7382,add_to_cart,2026-02-28 14:15:38.110618
EVT000596,CUST00122,page_view,2026-05-21 15:37:09.120100
EVT000597,CUST00156,add_to_cart,2026-03-15 18:39:22.846884
EVT000598,anon_2a4202b6,page_view,2026-03-28 07:15:18.411681
EVT000599,anon_cb897248,product_view,2026-02-20 19:17:39.474360
EVT000600,anon_bc6cff52,product_view,2026-07-15 22:03:23.090788
EVT000601,CUST00189,product_view,2026-06-01 03:25:15.905092
EVT000602,anon_8d191e21,page_view,2026-06-05 09:09:18.010114
EVT000603,anon_cab7004c,page_view,2026-04-12 15:30:55.778130
EVT000604,CUST00170,page_view,2026-06-15 22:57:50.313687
EVT000605,CUST00138,add_to_cart,2026-07-25 21:29:23.084694
EVT000606,anon_2cfd099d,page_view,2026-08-06 23:25:14.839137
EVT000607,anon_f7386c55,checkout_start,2026-04-16 07:31:49.661658
EVT000608,anon_d78bc851,page_view,2026-03-10 17:26:09.625234
EVT000609,CUST00186,page_view,2026-04-05 08:28:27.402328
EVT000610,CUST00187,product_view,2026-06-04 14:12:18.334153
EVT000611,anon_9de189bc,checkout_start,2026-08-11 05:36:51.754510
EVT000612,CUST00286,page_view,2026-04-27 17:57:25.745935
EVT000613,CUST00104,add_to_cart,2026-03-06 12:57:42.647706
EVT000614,anon_25123775,add_to_cart,2026-02-25 21:03:12.606521
EVT000615,CUST00244,add_to_cart,2026-04-01 19:20:46.679611
EVT000616,anon_6486eda8,add_to_cart,2026-03-04 02:23:43.536180
EVT000617,CUST00136,product_view,2026-05-26 19:07:27.378004
EVT000618,CUST00032,checkout_start,2026-03-15 14:09:55.734754
EVT000619,CUST00248,page_view,2026-08-06 09:13:40.952771
EVT000620,CUST00272,checkout_start,2026-06-19 12:23:08.997465
EVT000621,CUST00188,page_view,2026-03-06 16:50:44.091019
EVT000622,CUST00234,page_view,2026-08-01 19:02:38.580274
EVT000623,CUST00091,checkout_start,2026-04-18 02:12:21.754504
EVT000624,anon_0a37c2ee,page_view,2026-06-17 01:32:01.968149
EVT000625,CUST00141,page_view,2026-06-28 20:27:47.244506
EVT000626,anon_cb1d4795,product_view,2026-05-28 18:54:18.808196
EVT000627,CUST00104,page_view,2026-02-14 11:58:34.423258
EVT000628,CUST00277,add_to_cart,2026-03-14 09:37:24.642013
EVT000629,CUST00215,product_view,2026-05-25 10:52:25.263186
EVT000630,anon_52137be9,page_view,2026-03-07 10:26:16.083236
EVT000631,CUST00032,page_view,2026-06-11 13:23:08.638356
EVT000632,anon_4cc5acc1,add_to_cart,2026-08-11 20:17:24.102108
EVT000633,anon_4592c05e,checkout_start,2026-04-08 11:53:19.049779
EVT000634,CUST00175,checkout_start,2026-07-28 02:26:54.055781
EVT000635,CUST00271,product_view,2026-04-18 12:38:27.622825
EVT000636,CUST00290,add_to_cart,2026-03-01 05:58:06.074357
EVT000637,anon_b47a63da,checkout_start,2026-04-23 03:54:42.229804
EVT000638,CUST00133,add_to_cart,2026-03-11 07:12:27.469499
EVT000639,CUST00147,page_view,2026-05-01 19:27:20.307046
EVT000640,CUST00145,product_view,2026-06-02 18:52:18.323231
EVT000641,anon_4dde44d8,add_to_cart,2026-05-10 18:07:53.689329
EVT000642,anon_5913da41,checkout_start,2026-04-06 23:17:48.734910
EVT000643,CUST00089,add_to_cart,2026-07-29 10:31:13.973951
EVT000644,CUST00059,page_view,2026-06-07 19:24:21.403481
EVT000645,anon_81e21282,add_to_cart,2026-05-17 03:12:35.795298
EVT000646,CUST00189,add_to_cart,2026-03-06 18:24:51.625009
EVT000647,CUST00017,checkout_start,2026-04-23 10:18:35.820214
EVT000648,anon_66dfe758,add_to_cart,2026-05-02 07:17:56.357424
EVT000649,CUST00276,add_to_cart,2026-05-14 13:05:00.553114
EVT000650,CUST00062,page_view,2026-07-16 08:13:04.102876
EVT000651,CUST00255,add_to_cart,2026-07-15 02:45:50.713347
EVT000652,anon_81d02cd0,checkout_start,2026-02-23 08:28:36.459135
EVT000653,CUST00279,checkout_start,2026-03-01 21:20:24.358516
EVT000654,anon_98f02d10,checkout_start,2026-06-12 19:28:47.640780
EVT000655,CUST00148,add_to_cart,2026-04-23 22:07:13.440499
EVT000656,anon_35c58a94,product_view,2026-06-09 19:34:55.234847
EVT000657,CUST00057,product_view,2026-03-18 05:48:26.805126
EVT000658,anon_e7302a67,add_to_cart,2026-07-25 16:11:45.704407
EVT000659,anon_e6f85c54,page_view,2026-08-08 16:06:19.981058
EVT000660,CUST00205,add_to_cart,2026-05-30 00:10:23.380558
EVT000661,CUST00047,checkout_start,2026-07-19 19:59:10.939050
EVT000662,CUST00099,add_to_cart,2026-08-03 03:38:28.106462
EVT000663,anon_f0c6258a,checkout_start,2026-04-28 07:17:52.432073
EVT000664,CUST00042,product_view,2026-03-23 15:46:00.926591
EVT000665,anon_dab8338e,page_view,2026-03-06 06:17:01.449258
EVT000666,anon_b71239a3,product_view,2026-04-22 02:42:48.409646
EVT000667,CUST00162,page_view,2026-04-17 00:34:30.012904
EVT000668,anon_cf289629,checkout_start,2026-05-10 01:27:42.439195
EVT000669,CUST00218,checkout_start,2026-07-03 22:15:33.863244
EVT000670,CUST00006,checkout_start,2026-05-22 22:09:11.919371
EVT000671,CUST00157,product_view,2026-07-21 19:28:48.346506
EVT000672,anon_792f5839,page_view,2026-07-18 15:21:33.590913
EVT000673,CUST00227,product_view,2026-07-03 06:33:06.544740
EVT000674,anon_4e4189ef,checkout_start,2026-06-29 08:39:01.505669
EVT000675,CUST00217,product_view,2026-03-21 04:42:13.399267
EVT000676,CUST00044,add_to_cart,2026-07-03 00:41:55.716842
EVT000677,CUST00243,checkout_start,2026-05-03 15:33:16.818324
EVT000678,CUST00192,page_view,2026-06-07 04:36:09.428557
EVT000679,CUST00139,product_view,2026-08-11 14:00:51.207785
EVT000680,CUST00236,add_to_cart,2026-03-03 13:56:01.753631
EVT000681,CUST00195,checkout_start,2026-04-22 09:52:56.206504
EVT000682,CUST00021,checkout_start,2026-04-05 05:50:56.413074
EVT000683,anon_16cc648b,checkout_start,2026-08-09 18:10:45.074509
EVT000684,CUST00237,add_to_cart,2026-03-15 21:25:36.887821
EVT000685,CUST00001,add_to_cart,2026-04-04 20:15:51.575715
EVT000686,CUST00241,page_view,2026-04-13 18:15:20.988162
EVT000687,anon_f50bf4f5,checkout_start,2026-07-19 07:35:01.838147
EVT000688,CUST00251,add_to_cart,2026-03-23 20:36:37.675016
EVT000689,CUST00141,product_view,2026-07-24 09:44:37.583301
EVT000690,anon_709a574b,page_view,2026-06-08 06:30:56.133158
EVT000691,CUST00185,product_view,2026-02-18 06:49:28.214863
EVT000692,CUST00132,product_view,2026-02-23 03:13:34.243701
EVT000693,anon_be9de1d1,page_view,2026-05-30 10:39:53.357268
EVT000694,CUST00294,page_view,2026-05-18 17:56:54.107682
EVT000695,anon_e25865f2,add_to_cart,2026-07-02 05:10:56.780907
EVT000696,CUST00074,checkout_start,2026-07-30 19:07:18.525933
EVT000697,CUST00069,checkout_start,2026-05-21 01:11:01.099368
EVT000698,CUST00139,checkout_start,2026-07-27 08:23:56.552497
EVT000699,CUST00182,page_view,2026-05-22 05:29:06.957943
EVT000700,CUST00271,page_view,2026-05-17 16:55:00.987115
EVT000701,CUST00093,page_view,2026-06-02 22:15:23.779557
EVT000702,CUST00085,checkout_start,2026-07-21 01:24:33.867240
EVT000703,anon_5f2398d4,checkout_start,2026-07-18 16:29:41.012112
EVT000704,CUST00185,page_view,2026-05-27 18:07:53.370803
EVT000705,CUST00180,add_to_cart,2026-04-24 21:14:54.794703
EVT000706,CUST00265,checkout_start,2026-08-06 07:03:16.936698
EVT000707,CUST00248,product_view,2026-06-24 17:33:29.865127
EVT000708,CUST00083,page_view,2026-06-29 02:03:57.060965
EVT000709,CUST00257,add_to_cart,2026-03-23 04:55:44.665472
EVT000710,anon_70144619,page_view,2026-07-17 20:19:40.069375
EVT000711,CUST00039,page_view,2026-05-10 02:39:16.010000
EVT000712,anon_5d6933d5,page_view,2026-04-19 20:11:12.584607
EVT000713,CUST00159,checkout_start,2026-02-27 19:16:31.356190
EVT000714,CUST00226,checkout_start,2026-03-25 22:52:12.343275
EVT000715,CUST00155,page_view,2026-02-11 23:04:55.763851
EVT000716,anon_8ed905cf,page_view,2026-04-16 19:29:07.697384
EVT000717,CUST00072,add_to_cart,2026-03-23 16:26:19.721899
EVT000718,CUST00107,add_to_cart,2026-07-10 02:39:22.811944
EVT000719,anon_4978bbd5,product_view,2026-06-12 07:46:03.270604
EVT000720,anon_d1f42742,page_view,2026-02-19 16:36:07.479432
EVT000721,CUST00247,product_view,2026-03-18 11:20:29.377888
EVT000722,CUST00055,page_view,2026-02-28 23:44:46.157853
EVT000723,anon_bd5eea08,page_view,2026-06-27 09:00:20.667337
EVT000724,CUST00129,page_view,2026-04-21 16:42:14.631478
EVT000725,CUST00005,page_view,2026-04-10 21:50:36.455179
EVT000726,anon_a55f3493,add_to_cart,2026-06-02 05:01:51.381982
EVT000727,CUST00102,add_to_cart,2026-06-24 15:53:36.027719
EVT000728,anon_4ffc270e,page_view,2026-07-31 16:25:08.321508
EVT000729,CUST00142,checkout_start,2026-03-12 05:26:12.556408
EVT000730,CUST00256,add_to_cart,2026-03-02 02:28:53.922809
EVT000731,CUST00034,page_view,2026-03-11 15:41:45.902657
EVT000732,anon_cd70f2f0,page_view,2026-03-21 06:56:06.620333
EVT000733,CUST00098,checkout_start,2026-03-02 02:31:53.502341
EVT000734,CUST00275,page_view,2026-08-09 11:32:13.340764
EVT000735,anon_d80bf630,page_view,2026-04-02 22:16:47.301364
EVT000736,anon_fa710581,product_view,2026-07-01 08:16:04.090277
EVT000737,CUST00094,product_view,2026-05-24 22:54:10.704454
EVT000738,anon_aff75b32,page_view,2026-02-19 18:55:05.436305
EVT000739,CUST00181,product_view,2026-03-16 22:16:32.442543
EVT000740,CUST00263,add_to_cart,2026-02-17 21:51:13.377593
EVT000741,CUST00160,page_view,2026-07-28 23:34:11.854610
EVT000742,CUST00266,add_to_cart,2026-03-03 03:54:27.914173
EVT000743,CUST00184,checkout_start,2026-07-29 11:16:59.397518
EVT000744,CUST00020,page_view,2026-04-14 00:19:47.691330
EVT000745,CUST00059,product_view,2026-05-24 14:21:56.863462
EVT000746,CUST00159,product_view,2026-05-28 12:42:06.131819
EVT000747,CUST00208,checkout_start,2026-03-10 12:36:14.981329
EVT000748,anon_d8a436f2,product_view,2026-04-11 14:35:11.479360
EVT000749,CUST00035,product_view,2026-03-19 21:43:30.201420
EVT000750,anon_2d8da500,checkout_start,2026-03-02 00:45:00.429628
EVT000751,CUST00251,page_view,2026-03-29 12:04:21.987957
EVT000752,CUST00267,page_view,2026-05-15 00:30:06.104753
EVT000753,CUST00202,product_view,2026-04-09 15:07:04.909922
EVT000754,anon_8982f3e9,page_view,2026-07-30 21:04:27.325715
EVT000755,anon_6fbeebf0,add_to_cart,2026-04-13 13:31:52.696353
EVT000756,CUST00101,checkout_start,2026-04-28 22:04:45.065531
EVT000757,CUST00206,page_view,2026-05-11 02:02:42.316485
EVT000758,CUST00217,product_view,2026-04-19 09:04:30.818894
EVT000759,CUST00297,checkout_start,2026-07-29 13:40:31.666784
EVT000760,anon_ba91bcfd,product_view,2026-03-01 21:52:51.679939
EVT000761,CUST00207,product_view,2026-04-25 13:57:07.872748
EVT000762,CUST00075,product_view,2026-07-29 19:15:10.326897
EVT000763,CUST00128,product_view,2026-03-21 20:13:01.622275
EVT000764,CUST00068,page_view,2026-02-14 23:50:32.981768
EVT000765,CUST00027,page_view,2026-07-04 06:10:09.061510
EVT000766,CUST00013,add_to_cart,2026-02-23 19:14:57.159547
EVT000767,CUST00167,add_to_cart,2026-07-05 13:29:32.528115
EVT000768,CUST00049,page_view,2026-06-25 23:33:06.460261
EVT000769,anon_e851f99b,product_view,2026-02-24 02:34:09.879035
EVT000770,anon_fb083ee2,add_to_cart,2026-02-22 09:03:03.328219
EVT000771,CUST00254,product_view,2026-04-27 11:38:03.269706
EVT000772,CUST00277,checkout_start,2026-06-29 11:04:03.643287
EVT000773,anon_e207e136,page_view,2026-03-05 19:40:53.597028
EVT000774,anon_2d8279d7,page_view,2026-03-18 18:04:06.421743
EVT000775,anon_cc964d69,page_view,2026-05-14 22:30:10.987355
EVT000776,CUST00161,product_view,2026-02-15 22:29:01.563911
EVT000777,CUST00018,page_view,2026-07-26 05:45:33.402861
EVT000778,CUST00155,add_to_cart,2026-06-23 10:58:14.718210
EVT000779,CUST00068,checkout_start,2026-03-09 11:30:00.920438
EVT000780,anon_caa27363,product_view,2026-08-10 03:31:25.233545
EVT000781,anon_75d3a165,product_view,2026-05-19 04:28:29.071642
EVT000782,anon_8b1b7e59,product_view,2026-03-02 05:34:29.493724
EVT000783,CUST00080,page_view,2026-05-08 01:23:40.776225
EVT000784,CUST00253,product_view,2026-02-16 07:41:44.494036
EVT000785,anon_fa83f9e9,checkout_start,2026-05-07 11:29:13.890838
EVT000786,anon_2c04274e,checkout_start,2026-04-11 23:50:22.967066
EVT000787,CUST00014,page_view,2026-02-17 06:26:09.951325
EVT000788,CUST00187,checkout_start,2026-04-20 17:55:24.869876
EVT000789,anon_58b5175a,page_view,2026-06-07 10:51:08.966229
EVT000790,anon_a3223329,checkout_start,2026-07-07 20:56:39.909141
EVT000791,CUST00219,checkout_start,2026-03-06 16:14:40.191031
EVT000792,anon_4a1dfac0,product_view,2026-07-01 00:43:12.030713
EVT000793,CUST00125,add_to_cart,2026-06-18 09:20:05.237025
EVT000794,CUST00159,page_view,2026-04-28 19:35:35.487471
EVT000795,anon_6f3e3861,page_view,2026-03-21 20:36:03.122999
EVT000796,anon_d6de9972,page_view,2026-04-09 10:29:46.465019
EVT000797,CUST00010,checkout_start,2026-04-20 06:30:55.395605
EVT000798,CUST00216,product_view,2026-06-24 18:24:40.425343
EVT000799,CUST00240,page_view,2026-04-07 22:52:30.060482
EVT000800,anon_127d6564,product_view,2026-04-20 22:41:23.838640
EVT000801,CUST00165,page_view,2026-06-21 20:04:58.390974
EVT000802,anon_47cdf44a,page_view,2026-04-05 01:17:45.983486
EVT000803,anon_c7b26fa4,add_to_cart,2026-05-08 15:31:32.998855
EVT000804,CUST00257,checkout_start,2026-07-10 00:55:24.358715
EVT000805,CUST00153,checkout_start,2026-06-13 04:48:44.177000
EVT000806,anon_47a3d18b,add_to_cart,2026-05-25 12:27:36.575637
EVT000807,CUST00038,add_to_cart,2026-06-06 14:10:33.272469
EVT000808,CUST00024,checkout_start,2026-06-04 22:56:20.497325
EVT000809,anon_cefb1516,product_view,2026-07-15 18:55:52.958512
EVT000810,anon_9b1b89f1,page_view,2026-07-24 05:42:54.390846
EVT000811,anon_5f1196b8,page_view,2026-07-13 09:28:48.615496
EVT000812,CUST00139,page_view,2026-05-21 03:28:20.972426
EVT000813,CUST00271,product_view,2026-07-03 08:43:22.787795
EVT000814,CUST00177,page_view,2026-03-21 16:13:23.237878
EVT000815,anon_1bf8aa35,checkout_start,2026-06-17 10:44:13.899101
EVT000816,CUST00153,product_view,2026-07-02 00:04:17.163070
EVT000817,anon_d2bbc55b,checkout_start,2026-04-02 13:18:45.874812
EVT000818,CUST00205,checkout_start,2026-08-08 20:10:24.693518
EVT000819,anon_9579ba41,product_view,2026-05-18 04:19:01.529365
EVT000820,anon_ced8f7ab,add_to_cart,2026-02-26 23:13:18.404890
EVT000821,anon_c4cb7fcd,add_to_cart,2026-03-05 18:41:56.823518
EVT000822,CUST00109,product_view,2026-03-09 04:54:48.994160
EVT000823,CUST00272,product_view,2026-02-14 20:47:10.354449
EVT000824,anon_c95f988c,page_view,2026-07-12 19:19:17.722011
EVT000825,CUST00186,product_view,2026-05-15 12:58:48.638040
EVT000826,CUST00077,checkout_start,2026-06-26 13:17:09.946178
EVT000827,anon_530a5bd5,product_view,2026-06-30 23:05:34.237493
EVT000828,CUST00032,add_to_cart,2026-06-11 23:12:48.318717
EVT000829,anon_2fa67fed,checkout_start,2026-06-03 20:17:56.083505
EVT000830,anon_d396c420,add_to_cart,2026-06-10 02:13:50.025709
EVT000831,CUST00120,product_view,2026-06-17 19:39:26.597553
EVT000832,CUST00076,add_to_cart,2026-02-13 01:11:22.861736
EVT000833,CUST00158,product_view,2026-05-19 03:08:12.912672
EVT000834,CUST00223,product_view,2026-07-14 12:24:40.039340
EVT000835,anon_f7212932,page_view,2026-06-21 10:14:47.789489
EVT000836,CUST00139,add_to_cart,2026-04-17 02:07:54.789216
EVT000837,CUST00142,add_to_cart,2026-06-20 12:03:07.117565
EVT000838,anon_c3b55075,page_view,2026-05-26 19:18:27.535445
EVT000839,anon_eb9b4ace,product_view,2026-05-31 12:22:17.130202
EVT000840,anon_1ddcd2d9,page_view,2026-07-17 18:34:48.991226
EVT000841,anon_47bae5e7,page_view,2026-03-22 17:42:26.578350
EVT000842,CUST00152,page_view,2026-03-04 08:29:20.711247
EVT000843,anon_7846f5c3,product_view,2026-05-17 18:17:06.158909
EVT000844,anon_229c23ca,page_view,2026-02-20 14:49:33.436450
EVT000845,CUST00071,add_to_cart,2026-06-08 00:48:00.726578
EVT000846,CUST00256,page_view,2026-06-02 09:54:01.536566
EVT000847,CUST00297,checkout_start,2026-04-23 07:04:25.814831
EVT000848,CUST00046,add_to_cart,2026-04-14 14:59:56.164867
EVT000849,CUST00160,checkout_start,2026-03-05 21:47:07.166979
EVT000850,anon_f4e1c16d,product_view,2026-03-25 06:18:55.958225
EVT000851,anon_6602be0a,add_to_cart,2026-06-06 20:22:27.440115
EVT000852,anon_750daaf9,add_to_cart,2026-07-03 11:07:11.030719
EVT000853,CUST00089,add_to_cart,2026-07-23 08:13:01.163016
EVT000854,anon_7c6ce8e8,product_view,2026-04-15 00:40:23.934876
EVT000855,CUST00028,product_view,2026-02-23 10:28:37.024740
EVT000856,CUST00057,checkout_start,2026-05-23 02:28:08.392659
EVT000857,CUST00243,add_to_cart,2026-05-17 08:18:50.096077
EVT000858,anon_55a8fc26,add_to_cart,2026-05-26 19:17:48.342990
EVT000859,CUST00188,checkout_start,2026-07-11 23:43:40.297032
EVT000860,CUST00017,page_view,2026-06-30 08:00:21.144471
EVT000861,anon_4579b9d0,add_to_cart,2026-04-01 23:23:21.487838
EVT000862,CUST00196,checkout_start,2026-06-30 06:58:38.563749
EVT000863,anon_a1744d89,checkout_start,2026-04-09 05:21:49.693440
EVT000864,anon_87c3008b,page_view,2026-03-28 16:36:04.628146
EVT000865,CUST00121,product_view,2026-06-23 07:30:40.015061
EVT000866,CUST00201,checkout_start,2026-08-11 21:53:19.671690
EVT000867,CUST00120,checkout_start,2026-04-26 21:57:01.220812
EVT000868,CUST00082,product_view,2026-06-11 13:35:58.301831
EVT000869,anon_df77944c,product_view,2026-05-16 05:15:38.040346
EVT000870,anon_526eb1a4,checkout_start,2026-07-15 13:11:27.668371
EVT000871,anon_648df89e,product_view,2026-06-22 11:21:30.933770
EVT000872,CUST00211,checkout_start,2026-02-25 17:40:43.684695
EVT000873,anon_244b2a06,page_view,2026-07-20 23:53:13.535440
EVT000874,anon_4a49f1ad,checkout_start,2026-07-09 08:50:42.170638
EVT000875,CUST00180,product_view,2026-04-29 11:22:14.352483
EVT000876,anon_b9eaea90,checkout_start,2026-07-04 07:55:36.762476
EVT000877,CUST00014,page_view,2026-05-14 21:29:03.410361
EVT000878,anon_cf381dcf,add_to_cart,2026-06-24 21:54:33.947793
EVT000879,anon_5db73323,add_to_cart,2026-06-07 16:06:41.651016
EVT000880,CUST00102,checkout_start,2026-04-27 10:18:21.184110
EVT000881,CUST00042,page_view,2026-05-18 03:41:02.129085
EVT000882,CUST00264,add_to_cart,2026-05-10 01:10:48.566031
EVT000883,anon_19720f69,product_view,2026-02-24 03:00:37.727848
EVT000884,anon_e4696c5a,checkout_start,2026-04-20 18:04:42.991535
EVT000885,CUST00068,checkout_start,2026-06-26 22:51:10.341569
EVT000886,CUST00167,checkout_start,2026-03-24 07:01:02.876391
EVT000887,CUST00212,checkout_start,2026-04-17 21:19:49.177149
EVT000888,CUST00193,add_to_cart,2026-03-28 03:37:35.321789
EVT000889,CUST00011,add_to_cart,2026-07-14 17:55:25.190873
EVT000890,anon_d1cfcacf,product_view,2026-03-11 22:06:29.114193
EVT000891,CUST00086,page_view,2026-02-28 00:21:06.125014
EVT000892,CUST00219,checkout_start,2026-06-02 20:49:05.167182
EVT000893,CUST00188,add_to_cart,2026-02-13 06:50:08.839781
EVT000894,anon_1925a7ff,page_view,2026-08-11 13:41:07.392807
EVT000895,CUST00269,product_view,2026-08-07 13:16:55.168708
EVT000896,anon_595d34fe,product_view,2026-07-23 12:49:47.059999
EVT000897,anon_a0399a75,product_view,2026-05-18 15:44:04.810522
EVT000898,CUST00104,add_to_cart,2026-03-25 15:06:05.320159
EVT000899,anon_348252cb,checkout_start,2026-03-20 15:51:45.094489
EVT000900,CUST00253,product_view,2026-06-05 02:23:04.589266
EVT000901,CUST00105,add_to_cart,2026-05-07 09:11:17.570977
EVT000902,anon_1947eda5,checkout_start,2026-03-04 08:51:07.636306
EVT000903,anon_74bfe50b,add_to_cart,2026-06-05 13:19:03.996609
EVT000904,CUST00209,add_to_cart,2026-05-15 04:35:43.971358
EVT000905,CUST00134,add_to_cart,2026-08-02 00:28:50.865257
EVT000906,anon_ab8bcfaf,add_to_cart,2026-08-11 01:17:52.580851
EVT000907,CUST00234,page_view,2026-06-25 19:06:25.740732
EVT000908,CUST00068,checkout_start,2026-03-06 20:04:01.277508
EVT000909,anon_471b1c6c,product_view,2026-07-30 09:59:04.694899
EVT000910,anon_e7fb0851,product_view,2026-02-12 22:28:46.021484
EVT000911,anon_badb51a0,checkout_start,2026-04-08 07:17:52.308902
EVT000912,CUST00285,page_view,2026-07-08 02:56:37.243351
EVT000913,CUST00120,product_view,2026-08-07 05:35:46.745233
EVT000914,anon_99e379db,page_view,2026-05-06 08:59:32.890044
EVT000915,CUST00258,product_view,2026-04-08 01:45:53.793853
EVT000916,CUST00202,checkout_start,2026-02-15 13:34:51.724578
EVT000917,CUST00286,page_view,2026-05-07 13:56:47.901753
EVT000918,CUST00133,add_to_cart,2026-05-26 21:58:35.730421
EVT000919,CUST00173,product_view,2026-03-15 05:44:13.724355
EVT000920,CUST00162,product_view,2026-06-06 13:21:04.467940
EVT000921,CUST00059,checkout_start,2026-04-19 11:05:03.679604
EVT000922,CUST00065,product_view,2026-03-20 01:34:13.506329
EVT000923,anon_5ca967c0,checkout_start,2026-03-15 20:11:26.275476
EVT000924,anon_b598ec14,product_view,2026-02-21 23:57:57.478663
EVT000925,CUST00134,checkout_start,2026-06-03 16:14:02.447850
EVT000926,CUST00223,add_to_cart,2026-06-21 14:24:51.416009
EVT000927,CUST00251,add_to_cart,2026-04-28 20:12:53.889573
EVT000928,CUST00225,page_view,2026-07-03 23:04:04.249166
EVT000929,CUST00027,add_to_cart,2026-08-04 13:29:02.757704
EVT000930,CUST00240,checkout_start,2026-03-30 10:30:45.184918
EVT000931,CUST00239,product_view,2026-05-19 21:12:10.370559
EVT000932,CUST00253,page_view,2026-02-24 05:20:34.511540
EVT000933,CUST00287,product_view,2026-07-26 19:42:54.042582
EVT000934,CUST00057,add_to_cart,2026-08-12 02:08:18.632118
EVT000935,CUST00047,add_to_cart,2026-05-04 11:26:34.468680
EVT000936,anon_76d92668,add_to_cart,2026-05-17 22:13:29.668757
EVT000937,anon_f51fc093,checkout_start,2026-05-22 21:00:14.479549
EVT000938,CUST00299,add_to_cart,2026-04-20 05:45:49.840049
EVT000939,CUST00002,add_to_cart,2026-05-21 08:52:38.149614
EVT000940,CUST00039,add_to_cart,2026-06-19 19:37:12.202750
EVT000941,anon_7795655a,page_view,2026-02-21 04:43:20.582011
EVT000942,anon_da72b9ea,page_view,2026-08-11 05:02:54.359164
EVT000943,CUST00062,product_view,2026-07-27 16:34:42.822765
EVT000944,CUST00054,checkout_start,2026-03-20 11:35:38.276177
EVT000945,CUST00041,product_view,2026-07-25 02:54:39.676362
EVT000946,anon_4ef6ab70,product_view,2026-08-07 16:54:22.070501
EVT000947,CUST00137,page_view,2026-03-20 15:20:35.730814
EVT000948,CUST00022,product_view,2026-06-26 11:01:01.370852
EVT000949,CUST00291,add_to_cart,2026-07-18 04:44:35.638564
EVT000950,CUST00024,checkout_start,2026-02-28 15:16:44.032444
EVT000951,CUST00028,page_view,2026-04-04 23:12:08.177972
EVT000952,CUST00195,page_view,2026-06-28 08:44:36.802413
EVT000953,CUST00091,add_to_cart,2026-02-14 11:53:12.976173
EVT000954,anon_e028ab5a,product_view,2026-05-14 00:13:03.339637
EVT000955,CUST00106,add_to_cart,2026-05-02 13:06:29.133810
EVT000956,CUST00206,checkout_start,2026-03-15 00:21:26.868957
EVT000957,anon_64d02149,add_to_cart,2026-07-27 01:18:00.271965
EVT000958,CUST00251,product_view,2026-06-29 02:56:43.923473
EVT000959,anon_ce2df0d3,checkout_start,2026-06-22 14:39:37.860507
EVT000960,anon_3fdf71ea,add_to_cart,2026-02-19 04:39:04.425547
EVT000961,CUST00049,checkout_start,2026-08-01 20:41:28.580757
EVT000962,CUST00250,product_view,2026-07-10 02:35:06.615666
EVT000963,anon_af598568,product_view,2026-04-20 03:15:25.846660
EVT000964,CUST00216,page_view,2026-03-09 19:55:22.411886
EVT000965,anon_0a723724,checkout_start,2026-02-14 03:07:25.773284
EVT000966,anon_106d422c,product_view,2026-06-12 22:27:24.319502
EVT000967,anon_ee9bea0d,page_view,2026-05-31 06:47:22.682747
EVT000968,CUST00174,product_view,2026-02-15 03:23:05.701806
EVT000969,anon_948a9724,add_to_cart,2026-03-09 18:52:06.616357
EVT000970,anon_84b60883,page_view,2026-06-04 22:49:02.152498
EVT000971,CUST00223,page_view,2026-03-01 10:11:58.003620
EVT000972,anon_13e032a1,product_view,2026-05-22 13:16:15.964146
EVT000973,CUST00065,checkout_start,2026-05-25 19:24:36.521143
EVT000974,anon_0ba14abc,product_view,2026-07-25 07:13:08.723956
EVT000975,CUST00024,page_view,2026-07-10 14:46:43.513356
EVT000976,anon_bc028409,page_view,2026-05-31 04:19:42.822375
EVT000977,CUST00211,page_view,2026-02-15 00:42:17.812098
EVT000978,CUST00291,checkout_start,2026-04-07 13:31:49.149174
EVT000979,CUST00299,page_view,2026-04-20 21:54:52.241564
EVT000980,anon_94c15d98,page_view,2026-06-26 05:50:27.905327
EVT000981,CUST00236,add_to_cart,2026-06-12 06:54:51.778432
EVT000982,anon_7ea303e5,product_view,2026-05-26 06:20:30.015392
EVT000983,CUST00213,checkout_start,2026-06-27 20:04:18.326499
EVT000984,CUST00232,product_view,2026-04-21 01:46:22.741561
EVT000985,anon_ccc57499,checkout_start,2026-05-23 09:51:11.035456
EVT000986,CUST00095,add_to_cart,2026-07-17 12:27:12.775642
EVT000987,CUST00132,page_view,2026-05-18 22:16:08.615061
EVT000988,CUST00009,page_view,2026-04-03 09:07:04.143269
EVT000989,CUST00006,add_to_cart,2026-02-24 02:45:48.364448
EVT000990,anon_59778154,product_view,2026-07-19 04:10:54.469991
EVT000991,anon_1df3b434,product_view,2026-02-20 17:08:35.379053
EVT000992,CUST00184,product_view,2026-07-26 16:08:05.443550
EVT000993,anon_bb0c4d3a,page_view,2026-07-12 01:41:05.409599
EVT000994,CUST00007,add_to_cart,2026-04-08 06:44:16.718845
EVT000995,CUST00008,add_to_cart,2026-06-28 06:46:55.555261
EVT000996,anon_e2aefbda,add_to_cart,2026-06-14 00:30:14.314736
EVT000997,CUST00074,add_to_cart,2026-06-08 13:45:41.491438
EVT000998,CUST00275,add_to_cart,2026-05-05 08:13:01.515863
EVT000999,CUST00237,add_to_cart,2026-05-23 04:31:53.473459
EVT001000,CUST00011,page_view,2026-07-27 14:08:29.479658
EVT001001,CUST00078,product_view,2026-05-30 09:09:52.978559
EVT001002,anon_3c755e74,product_view,2026-06-18 02:35:30.444571
EVT001003,CUST00230,add_to_cart,2026-03-06 06:12:03.217399
EVT001004,CUST00291,product_view,2026-03-21 04:12:00.742106
EVT001005,CUST00004,page_view,2026-04-14 03:49:23.900345
EVT001006,anon_dc9aa0f1,product_view,2026-05-13 09:04:02.048400
EVT001007,anon_314691f5,product_view,2026-05-02 04:12:28.368638
EVT001008,anon_c1f0426f,checkout_start,2026-07-16 11:02:01.939348
EVT001009,CUST00204,product_view,2026-06-22 11:40:23.103467
EVT001010,CUST00249,add_to_cart,2026-04-07 06:26:09.606018
EVT001011,anon_a3a35567,page_view,2026-07-16 19:46:02.486578
EVT001012,CUST00161,page_view,2026-03-15 14:51:24.065441
EVT001013,CUST00213,product_view,2026-06-19 01:32:56.150834
EVT001014,CUST00177,product_view,2026-03-05 15:45:43.171770
EVT001015,anon_34f11191,page_view,2026-04-27 16:26:26.115705
EVT001016,CUST00098,product_view,2026-03-13 02:41:59.818053
EVT001017,CUST00118,add_to_cart,2026-07-16 08:04:49.759947
EVT001018,CUST00173,product_view,2026-03-15 10:06:32.331955
EVT001019,CUST00150,product_view,2026-07-24 02:06:03.274486
EVT001020,anon_56551873,checkout_start,2026-04-23 16:35:27.379608
EVT001021,anon_75fe0912,add_to_cart,2026-07-02 07:58:52.512119
EVT001022,anon_ccb2e487,checkout_start,2026-03-14 13:04:16.447443
EVT001023,anon_413076c9,page_view,2026-07-12 08:30:51.331778
EVT001024,anon_2e6eafba,add_to_cart,2026-07-17 12:41:14.870584
EVT001025,CUST00080,product_view,2026-03-11 00:13:18.995796
EVT001026,CUST00212,product_view,2026-08-02 10:19:37.942468
EVT001027,CUST00107,page_view,2026-02-11 16:27:37.388098
EVT001028,anon_690685b0,checkout_start,2026-03-20 05:57:15.552742
EVT001029,anon_93f9a620,checkout_start,2026-07-13 11:05:17.054509
EVT001030,anon_41c916ff,add_to_cart,2026-04-10 00:54:41.753564
EVT001031,anon_c74ff7f6,page_view,2026-04-20 09:35:21.711006
EVT001032,anon_2a8ba512,checkout_start,2026-06-26 18:06:44.644639
EVT001033,CUST00116,page_view,2026-05-14 02:08:46.671782
EVT001034,CUST00249,checkout_start,2026-04-15 21:49:21.943925
EVT001035,anon_a6afc777,checkout_start,2026-07-23 00:28:08.278992
EVT001036,anon_1e779673,checkout_start,2026-02-17 22:04:48.853346
EVT001037,anon_c04c8ceb,page_view,2026-07-25 19:11:49.039736
EVT001038,anon_198f459b,product_view,2026-04-24 20:26:12.565031
EVT001039,anon_4e149fee,page_view,2026-06-15 04:40:12.075969
EVT001040,anon_8061451c,page_view,2026-07-21 02:06:08.959247
EVT001041,anon_0c4f88f6,page_view,2026-04-09 08:09:22.818384
EVT001042,CUST00085,page_view,2026-06-25 21:16:18.542132
EVT001043,anon_cd2d10c9,checkout_start,2026-06-15 04:23:09.444847
EVT001044,CUST00149,product_view,2026-07-05 19:43:09.649934
EVT001045,anon_bfeb0d18,product_view,2026-04-28 13:01:59.150452
EVT001046,anon_94bc46db,page_view,2026-08-04 13:41:05.361519
EVT001047,CUST00186,checkout_start,2026-03-28 01:20:42.839134
EVT001048,anon_b3b69143,page_view,2026-06-04 07:25:22.394494
EVT001049,anon_f917d54c,product_view,2026-03-06 08:46:24.010303
EVT001050,anon_ebc51dbb,page_view,2026-02-26 21:25:22.221376
EVT001051,CUST00242,checkout_start,2026-02-14 17:55:18.852225
EVT001052,CUST00087,page_view,2026-06-16 20:33:36.180345
EVT001053,CUST00212,checkout_start,2026-06-26 19:54:57.560025
EVT001054,anon_738cb5b1,add_to_cart,2026-03-16 16:51:08.002387
EVT001055,CUST00271,product_view,2026-05-16 05:04:13.273963
EVT001056,anon_c3726f01,add_to_cart,2026-06-29 06:31:50.857628
EVT001057,anon_b05fb202,product_view,2026-05-18 06:55:44.959896
EVT001058,anon_3839f113,product_view,2026-02-18 17:01:10.963151
EVT001059,anon_7af27f65,checkout_start,2026-05-29 22:05:32.019911
EVT001060,anon_ffc9dff1,product_view,2026-04-13 13:39:56.230095
EVT001061,CUST00005,page_view,2026-03-25 17:05:36.851956
EVT001062,CUST00161,product_view,2026-05-19 23:42:41.187024
EVT001063,anon_acddf83b,add_to_cart,2026-04-04 04:21:18.864348
EVT001064,CUST00201,page_view,2026-03-27 07:10:50.467711
EVT001065,anon_d510bfb7,add_to_cart,2026-04-06 20:56:20.381921
EVT001066,anon_04bdbbd8,page_view,2026-04-10 22:45:34.958864
EVT001067,anon_eb189de6,checkout_start,2026-05-20 08:22:08.628195
EVT001068,CUST00283,checkout_start,2026-08-07 22:24:59.885090
EVT001069,anon_92c77ce9,checkout_start,2026-06-27 19:01:44.794942
EVT001070,anon_7c14c23b,page_view,2026-06-23 07:40:40.649254
EVT001071,anon_794f1b17,add_to_cart,2026-07-22 22:15:20.106794
EVT001072,anon_b2f9396c,product_view,2026-05-13 23:18:28.045676
EVT001073,anon_cd705ea2,product_view,2026-06-24 06:13:42.368325
EVT001074,anon_f8fcea62,product_view,2026-07-19 18:29:49.357829
EVT001075,anon_43c1c499,checkout_start,2026-03-02 08:25:32.630712
EVT001076,CUST00275,checkout_start,2026-06-28 06:28:49.522737
EVT001077,CUST00064,checkout_start,2026-07-09 06:04:20.048470
EVT001078,CUST00261,checkout_start,2026-02-20 23:43:23.420087
EVT001079,CUST00081,page_view,2026-05-08 08:27:43.968868
EVT001080,CUST00276,checkout_start,2026-04-13 15:37:46.789994
EVT001081,CUST00155,product_view,2026-06-27 14:50:03.578433
EVT001082,anon_59b0fa8f,page_view,2026-07-15 19:04:12.179775
EVT001083,anon_11be9c70,checkout_start,2026-03-10 12:26:27.395633
EVT001084,CUST00259,checkout_start,2026-02-20 20:46:58.950873
EVT001085,CUST00063,product_view,2026-05-26 10:23:59.202125
EVT001086,CUST00002,product_view,2026-03-21 01:17:22.228960
EVT001087,CUST00120,add_to_cart,2026-06-02 09:00:33.779712
EVT001088,CUST00145,add_to_cart,2026-03-28 13:42:01.531730
EVT001089,anon_c3856792,add_to_cart,2026-03-25 12:29:19.058501
EVT001090,CUST00264,add_to_cart,2026-02-17 05:54:32.641567
EVT001091,anon_6fabbc0a,checkout_start,2026-07-21 12:43:05.212501
EVT001092,CUST00075,product_view,2026-05-11 14:53:28.133885
EVT001093,anon_6967ebca,page_view,2026-04-06 23:14:11.967692
EVT001094,CUST00217,add_to_cart,2026-03-07 07:04:18.293937
EVT001095,CUST00228,page_view,2026-03-10 06:57:25.942075
EVT001096,CUST00269,product_view,2026-03-28 13:52:34.381354
EVT001097,CUST00265,product_view,2026-07-19 09:33:27.816926
EVT001098,anon_8762534e,product_view,2026-06-05 03:29:59.274747
EVT001099,anon_0f50bae9,product_view,2026-07-15 19:35:22.338938
EVT001100,anon_bf00bed5,product_view,2026-03-18 16:54:52.389418
EVT001101,anon_fae898c6,product_view,2026-06-28 10:00:28.804584
EVT001102,anon_115ec34f,add_to_cart,2026-02-23 14:10:46.296700
EVT001103,CUST00248,product_view,2026-05-07 08:58:45.665817
EVT001104,CUST00262,page_view,2026-05-25 09:26:06.081521
EVT001105,anon_ea6aee42,product_view,2026-03-21 09:01:41.960709
EVT001106,CUST00080,checkout_start,2026-04-27 01:57:06.212047
EVT001107,anon_61cad086,page_view,2026-02-20 14:03:43.375417
EVT001108,anon_3ce63323,product_view,2026-08-09 14:11:03.005346
EVT001109,CUST00189,checkout_start,2026-04-27 14:50:11.461789
EVT001110,CUST00078,page_view,2026-04-28 04:05:28.745726
EVT001111,CUST00191,checkout_start,2026-06-15 10:37:22.553740
EVT001112,CUST00014,add_to_cart,2026-03-24 18:28:40.319963
EVT001113,CUST00215,page_view,2026-05-25 20:21:48.743649
EVT001114,anon_a2d7a5c6,checkout_start,2026-07-24 04:37:41.077790
EVT001115,anon_e1031d05,add_to_cart,2026-05-23 01:02:39.425923
EVT001116,CUST00250,page_view,2026-04-22 10:23:53.003991
EVT001117,CUST00178,page_view,2026-07-12 23:49:25.238320
EVT001118,anon_27f82b89,product_view,2026-08-04 09:29:53.597972
EVT001119,CUST00158,product_view,2026-06-15 18:23:25.338616
EVT001120,anon_464696dd,product_view,2026-05-26 14:34:53.565980
EVT001121,CUST00067,add_to_cart,2026-07-02 22:26:43.029379
EVT001122,CUST00235,product_view,2026-02-12 21:09:23.595891
EVT001123,anon_c6e5a09d,add_to_cart,2026-06-12 09:32:50.562696
EVT001124,anon_73e7772e,checkout_start,2026-03-31 22:35:24.303137
EVT001125,CUST00209,product_view,2026-05-26 07:36:51.834311
EVT001126,CUST00202,checkout_start,2026-06-13 18:32:09.352044
EVT001127,CUST00226,checkout_start,2026-05-16 17:28:35.587082
EVT001128,anon_182d1e24,add_to_cart,2026-05-14 21:39:52.598987
EVT001129,anon_9f1c05be,checkout_start,2026-05-31 01:35:49.019704
EVT001130,CUST00063,page_view,2026-05-09 03:04:00.973386
EVT001131,CUST00277,page_view,2026-03-06 17:12:38.866930
EVT001132,anon_00ee7518,add_to_cart,2026-02-20 22:20:35.326529
EVT001133,anon_c28d05b9,page_view,2026-05-29 21:19:17.054623
EVT001134,CUST00272,add_to_cart,2026-02-18 19:35:03.711663
EVT001135,anon_0740407e,checkout_start,2026-06-04 14:55:17.455392
EVT001136,anon_f657f1a9,add_to_cart,2026-02-16 21:21:37.129332
EVT001137,anon_3dff80c3,product_view,2026-07-21 05:35:37.548092
EVT001138,CUST00273,checkout_start,2026-05-24 21:41:17.555357
EVT001139,CUST00023,product_view,2026-07-06 15:25:39.580802
EVT001140,anon_8c550697,page_view,2026-07-08 07:52:28.612813
EVT001141,CUST00092,product_view,2026-04-07 11:09:02.930206
EVT001142,CUST00270,checkout_start,2026-05-20 11:54:45.363314
EVT001143,CUST00046,page_view,2026-04-29 05:34:09.167545
EVT001144,anon_3bbcd09c,add_to_cart,2026-05-30 08:20:55.082804
EVT001145,CUST00093,checkout_start,2026-03-21 15:23:39.967367
EVT001146,anon_05e28ac1,add_to_cart,2026-08-11 04:00:31.137790
EVT001147,CUST00208,add_to_cart,2026-04-11 14:43:23.178712
EVT001148,CUST00166,add_to_cart,2026-02-12 02:43:05.327982
EVT001149,CUST00029,checkout_start,2026-02-17 18:48:48.014011
EVT001150,CUST00163,add_to_cart,2026-05-06 01:53:33.299649
EVT001151,CUST00165,checkout_start,2026-02-20 16:28:51.583208
EVT001152,CUST00061,page_view,2026-02-26 19:37:01.017406
EVT001153,CUST00121,product_view,2026-07-03 05:09:48.349707
EVT001154,CUST00258,product_view,2026-06-22 20:29:52.902937
EVT001155,anon_c969e3ca,checkout_start,2026-04-09 04:00:11.290880
EVT001156,CUST00237,product_view,2026-05-02 10:43:25.947123
EVT001157,CUST00014,product_view,2026-03-10 08:33:56.783469
EVT001158,anon_8afeb661,page_view,2026-06-06 18:51:55.891997
EVT001159,CUST00051,add_to_cart,2026-05-09 18:15:38.122542
EVT001160,anon_c47e2555,add_to_cart,2026-07-23 08:48:05.409293
EVT001161,CUST00208,product_view,2026-07-31 17:35:03.477311
EVT001162,CUST00256,add_to_cart,2026-08-01 17:19:02.237952
EVT001163,anon_0b7a77be,add_to_cart,2026-05-01 17:29:12.567420
EVT001164,CUST00086,add_to_cart,2026-03-05 08:17:06.111013
EVT001165,CUST00216,product_view,2026-02-24 12:58:10.118410
EVT001166,CUST00237,checkout_start,2026-06-25 11:14:12.029860
EVT001167,anon_efc2a499,add_to_cart,2026-03-27 08:29:30.043482
EVT001168,CUST00246,checkout_start,2026-06-01 05:21:59.277709
EVT001169,CUST00194,checkout_start,2026-02-18 21:13:12.208465
EVT001170,anon_2c8b3cf1,add_to_cart,2026-04-29 03:24:45.047745
EVT001171,CUST00261,checkout_start,2026-07-16 11:33:22.630848
EVT001172,CUST00273,page_view,2026-03-28 02:35:49.726693
EVT001173,CUST00202,page_view,2026-04-10 18:40:59.393499
EVT001174,anon_915bdbb9,checkout_start,2026-07-13 02:33:25.408245
EVT001175,anon_231bbe1b,add_to_cart,2026-06-09 05:40:02.393250
EVT001176,anon_92439341,checkout_start,2026-04-20 18:35:37.878607
EVT001177,anon_1616939a,checkout_start,2026-08-10 13:04:26.829430
EVT001178,anon_9b02a2ac,product_view,2026-05-19 08:15:29.765481
EVT001179,CUST00164,checkout_start,2026-07-27 02:58:53.324383
EVT001180,CUST00168,page_view,2026-06-27 15:12:34.200449
EVT001181,anon_3d8710a6,add_to_cart,2026-04-08 09:03:58.244851
EVT001182,anon_7fc87ff3,page_view,2026-08-02 15:07:28.424375
EVT001183,anon_75015978,page_view,2026-04-02 01:11:26.305843
EVT001184,anon_bf29b2ac,add_to_cart,2026-08-10 11:55:13.322317
EVT001185,CUST00250,product_view,2026-04-29 08:53:44.497484
EVT001186,CUST00039,page_view,2026-06-18 14:27:27.046537
EVT001187,anon_d3a451aa,product_view,2026-03-11 13:36:11.983500
EVT001188,anon_cec57af4,checkout_start,2026-05-25 00:42:58.063125
EVT001189,anon_938116b3,product_view,2026-05-25 11:07:42.644520
EVT001190,anon_3b4d12c9,checkout_start,2026-06-21 11:42:28.674686
EVT001191,CUST00004,page_view,2026-07-27 06:52:50.998538
EVT001192,CUST00098,product_view,2026-06-22 17:42:10.233583
EVT001193,CUST00010,checkout_start,2026-07-19 07:39:11.846626
EVT001194,anon_c458490f,checkout_start,2026-03-09 12:40:39.199858
EVT001195,CUST00155,add_to_cart,2026-02-20 21:44:26.150075
EVT001196,CUST00252,checkout_start,2026-03-06 15:57:57.294098
EVT001197,CUST00252,add_to_cart,2026-05-30 16:04:26.232103
EVT001198,CUST00202,page_view,2026-05-10 20:13:51.841244
EVT001199,anon_a677b647,product_view,2026-07-06 01:20:32.527389
EVT001200,CUST00099,add_to_cart,2026-03-04 21:27:43.974755
EVT001201,CUST00065,page_view,2026-02-24 07:41:59.034860
EVT001202,CUST00291,add_to_cart,2026-06-08 11:45:10.782288
EVT001203,anon_15109740,checkout_start,2026-08-04 10:42:59.006142
EVT001204,CUST00011,checkout_start,2026-05-25 00:50:22.180267
EVT001205,anon_1659fb31,product_view,2026-06-07 17:04:36.346109
EVT001206,CUST00218,page_view,2026-06-23 17:45:31.086476
EVT001207,anon_2d38722e,checkout_start,2026-04-15 14:37:52.821587
EVT001208,CUST00208,checkout_start,2026-07-16 18:39:00.770428
EVT001209,CUST00265,product_view,2026-02-23 08:01:02.334405
EVT001210,CUST00264,page_view,2026-05-08 04:22:19.843942
EVT001211,anon_66cbec12,add_to_cart,2026-08-06 22:33:05.900936
EVT001212,CUST00215,product_view,2026-07-10 05:51:58.296967
EVT001213,CUST00200,add_to_cart,2026-07-19 02:52:09.941368
EVT001214,CUST00292,page_view,2026-07-10 21:22:41.569620
EVT001215,anon_2ea11ada,add_to_cart,2026-02-18 00:50:16.544486
EVT001216,anon_4760394b,product_view,2026-04-06 03:59:08.288269
EVT001217,anon_2c58e5c9,add_to_cart,2026-05-30 23:11:25.446749
EVT001218,CUST00168,checkout_start,2026-03-01 12:36:30.915908
EVT001219,CUST00049,page_view,2026-07-27 21:55:55.882159
EVT001220,CUST00012,checkout_start,2026-04-27 23:09:59.470127
EVT001221,anon_390a6629,add_to_cart,2026-07-16 06:43:44.146516
EVT001222,CUST00122,checkout_start,2026-07-03 18:39:36.070449
EVT001223,anon_c475cf23,checkout_start,2026-06-25 07:09:55.300385
EVT001224,CUST00121,page_view,2026-05-28 02:21:36.185433
EVT001225,anon_079b92b8,product_view,2026-05-03 11:49:19.793151
EVT001226,anon_22ff0d1e,product_view,2026-07-12 06:37:52.474284
EVT001227,CUST00043,page_view,2026-07-07 14:59:51.957909
EVT001228,anon_5a50dbf0,product_view,2026-03-01 02:31:50.929347
EVT001229,CUST00033,add_to_cart,2026-05-13 13:01:59.476096
EVT001230,CUST00226,page_view,2026-06-15 17:19:39.665658
EVT001231,CUST00221,page_view,2026-07-31 09:43:14.879524
EVT001232,CUST00028,page_view,2026-04-10 06:02:31.816888
EVT001233,CUST00195,product_view,2026-05-04 05:00:17.562794
EVT001234,CUST00210,add_to_cart,2026-02-19 12:02:55.342236
EVT001235,anon_12aecefe,page_view,2026-04-27 14:01:44.633424
EVT001236,CUST00237,product_view,2026-07-15 17:10:12.763339
EVT001237,anon_2e67793e,page_view,2026-02-24 02:26:12.609752
EVT001238,CUST00013,product_view,2026-05-20 19:30:58.280056
EVT001239,CUST00098,page_view,2026-03-06 05:20:49.709963
EVT001240,CUST00034,add_to_cart,2026-04-11 08:23:20.374340
EVT001241,anon_1789b8d2,add_to_cart,2026-03-15 05:58:38.211750
EVT001242,anon_0b0228b9,checkout_start,2026-05-30 02:24:47.896065
EVT001243,CUST00246,product_view,2026-04-18 15:27:44.986612
EVT001244,CUST00070,page_view,2026-03-21 09:34:59.164297
EVT001245,CUST00159,product_view,2026-04-29 18:47:13.368584
EVT001246,CUST00183,checkout_start,2026-03-05 18:38:19.314375
EVT001247,CUST00277,add_to_cart,2026-03-10 12:19:57.723861
EVT001248,CUST00158,checkout_start,2026-06-22 22:24:34.785657
EVT001249,CUST00004,add_to_cart,2026-07-04 16:05:38.446661
EVT001250,CUST00259,page_view,2026-07-24 14:01:20.357510
EVT001251,CUST00100,add_to_cart,2026-04-23 09:34:10.798323
EVT001252,anon_835eec36,add_to_cart,2026-06-27 01:10:22.340279
EVT001253,anon_01bf03b9,checkout_start,2026-05-22 18:29:38.696520
EVT001254,CUST00243,product_view,2026-03-19 20:30:05.005386
EVT001255,CUST00169,checkout_start,2026-05-19 14:00:53.565075
EVT001256,anon_4d2bc0b8,product_view,2026-03-14 03:14:39.434413
EVT001257,CUST00053,product_view,2026-05-31 03:47:09.236317
EVT001258,anon_408ac351,page_view,2026-04-03 22:34:55.950214
EVT001259,CUST00001,add_to_cart,2026-06-07 02:58:51.135384
EVT001260,anon_3e40f8df,product_view,2026-07-09 20:45:27.447468
EVT001261,anon_3b346c8f,add_to_cart,2026-04-24 11:03:14.865004
EVT001262,CUST00169,product_view,2026-06-03 00:10:18.237674
EVT001263,CUST00094,page_view,2026-04-02 20:37:59.665125
EVT001264,CUST00037,checkout_start,2026-05-30 20:59:20.579766
EVT001265,CUST00058,add_to_cart,2026-05-26 01:32:44.409662
EVT001266,CUST00099,checkout_start,2026-07-20 20:06:11.318944
EVT001267,CUST00015,add_to_cart,2026-03-22 01:32:37.654191
EVT001268,CUST00089,add_to_cart,2026-06-06 09:50:03.029145
EVT001269,anon_709103f8,add_to_cart,2026-05-05 11:18:08.981196
EVT001270,CUST00283,add_to_cart,2026-06-05 03:53:35.230942
EVT001271,CUST00011,add_to_cart,2026-07-16 15:11:19.029852
EVT001272,anon_46d7de77,page_view,2026-02-15 20:01:15.417065
EVT001273,CUST00070,product_view,2026-04-25 03:04:06.472857
EVT001274,anon_b52bc7b2,page_view,2026-06-27 23:23:00.810160
EVT001275,CUST00107,checkout_start,2026-02-23 00:02:22.086900
EVT001276,CUST00189,checkout_start,2026-07-25 07:18:10.388902
EVT001277,anon_ea1d9cb6,product_view,2026-03-22 12:32:15.325656
EVT001278,anon_8159416a,page_view,2026-02-18 07:10:55.383655
EVT001279,CUST00066,add_to_cart,2026-07-28 11:50:39.451575
EVT001280,CUST00193,checkout_start,2026-02-12 08:27:03.866128
EVT001281,CUST00219,add_to_cart,2026-06-04 12:00:31.861223
EVT001282,anon_2dc1ca2c,add_to_cart,2026-05-13 12:52:55.377295
EVT001283,anon_8337233e,checkout_start,2026-07-01 12:24:48.637021
EVT001284,anon_f8bc3ed9,checkout_start,2026-04-06 16:10:51.932667
EVT001285,CUST00143,add_to_cart,2026-07-28 17:07:12.039465
EVT001286,anon_dda4043c,product_view,2026-03-22 17:19:40.070719
EVT001287,CUST00041,product_view,2026-08-01 07:18:12.963520
EVT001288,anon_1cb8e452,page_view,2026-03-28 16:03:04.837392
EVT001289,CUST00198,checkout_start,2026-05-16 01:52:23.304696
EVT001290,CUST00237,add_to_cart,2026-07-06 02:18:56.071372
EVT001291,CUST00191,product_view,2026-03-22 00:56:03.397786
EVT001292,anon_b2995a7d,product_view,2026-02-14 17:27:06.184816
EVT001293,CUST00297,product_view,2026-05-31 16:22:58.507287
EVT001294,anon_522f334e,page_view,2026-07-29 00:26:39.345930
EVT001295,CUST00103,product_view,2026-04-14 12:04:52.757727
EVT001296,anon_9a6bf4b0,product_view,2026-06-19 01:04:00.208794
EVT001297,CUST00217,product_view,2026-03-10 03:00:51.866033
EVT001298,CUST00191,checkout_start,2026-05-18 23:25:09.038645
EVT001299,CUST00068,page_view,2026-03-21 02:38:06.308941
EVT001300,CUST00265,checkout_start,2026-04-03 03:19:23.401347
EVT001301,CUST00021,product_view,2026-04-17 16:13:02.368187
EVT001302,CUST00172,product_view,2026-08-12 02:21:41.229974
EVT001303,CUST00221,product_view,2026-04-03 21:34:27.292126
EVT001304,CUST00254,checkout_start,2026-06-13 05:29:00.037562
EVT001305,CUST00012,add_to_cart,2026-04-11 11:22:16.758376
EVT001306,CUST00135,page_view,2026-05-16 08:11:43.219566
EVT001307,CUST00042,checkout_start,2026-04-23 11:47:51.897314
EVT001308,anon_80144238,page_view,2026-06-23 23:27:52.071884
EVT001309,anon_965930bf,add_to_cart,2026-07-30 19:10:00.498527
EVT001310,CUST00036,checkout_start,2026-02-20 13:10:15.066869
EVT001311,CUST00102,checkout_start,2026-06-08 23:57:44.416396
EVT001312,CUST00168,checkout_start,2026-02-18 10:50:16.558871
EVT001313,CUST00140,add_to_cart,2026-03-06 13:13:51.782739
EVT001314,anon_e39c566d,add_to_cart,2026-05-24 13:40:50.200692
EVT001315,anon_8eb37d06,checkout_start,2026-05-26 08:38:09.281892
EVT001316,CUST00153,checkout_start,2026-08-03 22:14:35.323014
EVT001317,anon_7b0fab5f,product_view,2026-02-19 00:58:17.612185
EVT001318,anon_03ba8129,page_view,2026-03-20 21:18:28.069269
EVT001319,CUST00262,add_to_cart,2026-02-16 07:04:49.712504
EVT001320,anon_8c4e7c9d,add_to_cart,2026-06-18 05:39:27.236996
EVT001321,CUST00107,product_view,2026-06-23 03:32:48.679260
EVT001322,CUST00282,product_view,2026-06-01 04:38:03.366976
EVT001323,anon_92a3290e,product_view,2026-02-11 16:36:44.893238
EVT001324,CUST00043,checkout_start,2026-06-16 19:31:18.904534
EVT001325,anon_0c78fb97,product_view,2026-05-13 18:58:42.943471
EVT001326,anon_2eeeffd4,product_view,2026-02-15 13:36:06.034121
EVT001327,CUST00230,page_view,2026-04-02 16:00:05.901027
EVT001328,CUST00295,add_to_cart,2026-07-29 14:56:54.451035
EVT001329,CUST00004,product_view,2026-04-07 22:40:30.611610
EVT001330,anon_15336e72,checkout_start,2026-03-23 13:56:58.373163
EVT001331,CUST00214,product_view,2026-05-11 04:51:56.962752
EVT001332,anon_bafb82bd,product_view,2026-06-02 09:06:56.274482
EVT001333,anon_05e57743,checkout_start,2026-06-16 07:30:42.379371
EVT001334,CUST00011,page_view,2026-06-13 16:17:28.288932
EVT001335,anon_7f2a4844,add_to_cart,2026-05-24 04:05:25.520513
EVT001336,anon_9e9e9a31,checkout_start,2026-06-12 18:59:33.381809
EVT001337,CUST00293,product_view,2026-02-15 13:36:03.918018
EVT001338,anon_1ff5c8b8,add_to_cart,2026-02-22 11:04:17.715318
EVT001339,anon_a61efe64,page_view,2026-08-11 00:24:30.459325
EVT001340,CUST00096,product_view,2026-05-12 23:47:59.561185
EVT001341,CUST00291,product_view,2026-05-09 07:00:19.283839
EVT001342,anon_4d139959,checkout_start,2026-08-07 01:41:04.978475
EVT001343,CUST00053,add_to_cart,2026-05-23 23:13:29.288833
EVT001344,CUST00250,page_view,2026-06-30 08:13:23.386810
EVT001345,CUST00035,product_view,2026-04-07 09:32:03.100991
EVT001346,CUST00119,checkout_start,2026-04-13 19:25:07.472262
EVT001347,anon_a0f4f394,page_view,2026-03-11 08:23:35.045932
EVT001348,CUST00188,page_view,2026-04-08 17:58:12.168691
EVT001349,CUST00210,product_view,2026-03-30 19:54:03.131518
EVT001350,CUST00056,add_to_cart,2026-02-20 02:40:53.185632
EVT001351,CUST00244,page_view,2026-07-22 01:03:39.732430
EVT001352,CUST00105,add_to_cart,2026-08-05 12:30:18.646709
EVT001353,anon_c019d188,checkout_start,2026-05-04 21:26:07.588138
EVT001354,CUST00243,add_to_cart,2026-07-02 06:17:11.859694
EVT001355,anon_a74d11b7,checkout_start,2026-03-20 07:46:24.714041
EVT001356,CUST00257,product_view,2026-03-15 12:17:35.910714
EVT001357,CUST00003,add_to_cart,2026-07-25 00:58:59.703418
EVT001358,CUST00204,add_to_cart,2026-07-12 20:52:04.455769
EVT001359,CUST00291,product_view,2026-04-23 09:10:04.346166
EVT001360,CUST00294,page_view,2026-04-19 18:50:59.509514
EVT001361,anon_84bfaee0,checkout_start,2026-04-15 10:17:32.510417
EVT001362,anon_e2cf06c5,product_view,2026-02-27 20:47:48.346637
EVT001363,CUST00152,product_view,2026-05-20 23:27:37.027742
EVT001364,anon_2fbc3884,add_to_cart,2026-06-20 01:14:13.902049
EVT001365,CUST00091,product_view,2026-07-11 02:30:32.224001
EVT001366,CUST00093,page_view,2026-05-11 16:54:20.476811
EVT001367,CUST00022,add_to_cart,2026-03-17 10:01:37.097450
EVT001368,anon_40c70461,add_to_cart,2026-04-03 02:22:08.016101
EVT001369,CUST00275,checkout_start,2026-07-12 23:25:32.966593
EVT001370,anon_f905e806,page_view,2026-07-11 19:00:47.086422
EVT001371,anon_1354afc3,add_to_cart,2026-03-29 00:33:55.755937
EVT001372,anon_10bd8bf3,product_view,2026-07-08 09:52:20.920635
EVT001373,anon_ebce8333,page_view,2026-06-17 15:53:32.876227
EVT001374,anon_38c2fbd6,page_view,2026-07-30 20:52:46.476125
EVT001375,anon_1bfd14ae,checkout_start,2026-05-19 03:47:47.324265
EVT001376,CUST00084,checkout_start,2026-06-30 01:04:47.518337
EVT001377,CUST00022,product_view,2026-02-20 04:32:36.057621
EVT001378,CUST00236,product_view,2026-05-13 02:32:38.452328
EVT001379,CUST00204,add_to_cart,2026-05-08 01:13:16.249509
EVT001380,CUST00005,checkout_start,2026-08-05 07:14:46.778508
EVT001381,CUST00069,checkout_start,2026-07-12 07:35:02.185114
EVT001382,anon_60bba8ab,product_view,2026-02-20 12:25:27.870170
EVT001383,CUST00034,page_view,2026-04-28 13:24:08.527615
EVT001384,CUST00124,product_view,2026-07-14 12:05:23.828724
EVT001385,CUST00142,add_to_cart,2026-07-21 23:49:59.779397
EVT001386,CUST00009,page_view,2026-02-28 23:16:07.870569
EVT001387,CUST00063,product_view,2026-04-11 10:06:19.981292
EVT001388,CUST00005,checkout_start,2026-06-17 00:23:28.596337
EVT001389,CUST00183,add_to_cart,2026-07-25 19:32:07.243191
EVT001390,CUST00017,add_to_cart,2026-07-20 02:36:32.231389
EVT001391,CUST00024,page_view,2026-06-02 21:03:58.244260
EVT001392,CUST00157,product_view,2026-06-16 23:07:07.629607
EVT001393,CUST00002,page_view,2026-07-05 04:14:22.142065
EVT001394,anon_a90ce8f6,add_to_cart,2026-02-27 14:52:04.972948
EVT001395,anon_d3463f63,checkout_start,2026-02-25 04:27:45.877654
EVT001396,anon_761fd27d,add_to_cart,2026-06-21 01:37:49.118533
EVT001397,CUST00215,page_view,2026-07-09 10:37:43.097708
EVT001398,anon_6a854a25,checkout_start,2026-08-06 17:01:29.961329
EVT001399,anon_9ff02ea3,page_view,2026-02-23 03:34:35.769377
EVT001400,CUST00049,add_to_cart,2026-04-23 10:14:29.111998
EVT001401,anon_574bc2e4,page_view,2026-06-11 10:57:31.465156
EVT001402,CUST00055,checkout_start,2026-03-01 21:18:22.120900
EVT001403,CUST00097,add_to_cart,2026-04-01 17:08:13.202717
EVT001404,anon_ecbb53a4,product_view,2026-05-08 09:13:01.776358
EVT001405,anon_b1822e7f,page_view,2026-03-25 00:54:07.325288
EVT001406,CUST00054,checkout_start,2026-02-21 08:43:45.809102
EVT001407,CUST00007,product_view,2026-04-19 01:44:32.361386
EVT001408,anon_6c550a51,page_view,2026-04-23 11:39:09.299673
EVT001409,CUST00234,add_to_cart,2026-06-20 10:16:04.414655
EVT001410,CUST00142,checkout_start,2026-08-09 15:33:42.678050
EVT001411,CUST00111,product_view,2026-02-24 19:46:24.712217
EVT001412,CUST00255,page_view,2026-07-03 07:50:12.977618
EVT001413,anon_e3f93157,add_to_cart,2026-04-15 05:01:25.478208
EVT001414,CUST00048,checkout_start,2026-05-01 13:56:07.461420
EVT001415,anon_4112f3fc,product_view,2026-07-22 14:06:18.363204
EVT001416,anon_d7a09dac,add_to_cart,2026-07-21 21:41:11.601737
EVT001417,CUST00162,product_view,2026-08-07 02:11:17.064387
EVT001418,CUST00009,product_view,2026-08-04 09:16:55.824833
EVT001419,CUST00119,page_view,2026-03-16 02:21:38.234939
EVT001420,CUST00063,checkout_start,2026-06-11 14:06:22.736905
EVT001421,CUST00219,add_to_cart,2026-03-08 07:24:28.054873
EVT001422,anon_7c9e7518,page_view,2026-05-25 07:02:50.183401
EVT001423,CUST00255,checkout_start,2026-05-15 06:28:59.803452
EVT001424,CUST00192,add_to_cart,2026-08-03 06:41:04.038581
EVT001425,anon_cfdb0a86,add_to_cart,2026-07-10 01:59:46.222123
EVT001426,anon_3c744137,product_view,2026-04-23 09:51:46.350313
EVT001427,anon_28b2c73d,checkout_start,2026-05-18 18:25:21.161694
EVT001428,CUST00162,page_view,2026-06-20 15:24:29.860562
EVT001429,CUST00212,checkout_start,2026-03-13 00:13:03.006282
EVT001430,anon_9e73e360,add_to_cart,2026-06-15 16:00:48.695440
EVT001431,anon_9151aaaf,checkout_start,2026-02-25 23:21:31.975848
EVT001432,CUST00105,page_view,2026-04-15 09:24:06.705981
EVT001433,anon_f2905d86,add_to_cart,2026-05-20 11:24:01.966042
EVT001434,anon_bef8d3cb,add_to_cart,2026-03-14 21:17:29.678613
EVT001435,anon_8ba7e6c3,product_view,2026-05-15 09:44:00.422579
EVT001436,CUST00093,product_view,2026-03-12 17:09:11.373504
EVT001437,anon_1ab7f88a,page_view,2026-03-12 07:05:11.891734
EVT001438,anon_2154b33e,page_view,2026-04-12 23:13:22.627023
EVT001439,anon_228adb6d,page_view,2026-05-23 19:32:32.424585
EVT001440,anon_d35a138e,add_to_cart,2026-06-11 06:01:48.538667
EVT001441,anon_02858355,add_to_cart,2026-04-02 19:19:53.367455
EVT001442,CUST00281,add_to_cart,2026-04-22 06:58:13.009794
EVT001443,CUST00040,product_view,2026-06-13 09:56:28.338860
EVT001444,anon_e92ad18f,checkout_start,2026-06-02 15:24:32.224024
EVT001445,CUST00101,add_to_cart,2026-06-03 12:19:24.562518
EVT001446,CUST00127,checkout_start,2026-07-06 09:31:17.913049
EVT001447,CUST00229,add_to_cart,2026-04-29 15:14:15.747640
EVT001448,CUST00246,page_view,2026-08-02 02:04:53.141309
EVT001449,anon_483d28dd,checkout_start,2026-06-15 13:10:19.296811
EVT001450,CUST00085,product_view,2026-04-27 10:21:15.185905
EVT001451,CUST00258,product_view,2026-07-23 01:36:54.445120
EVT001452,anon_27ae568a,product_view,2026-07-02 08:07:55.381152
EVT001453,CUST00195,product_view,2026-03-15 18:20:07.539775
EVT001454,anon_e4d11d11,checkout_start,2026-03-05 15:26:54.333911
EVT001455,CUST00078,add_to_cart,2026-03-21 06:41:54.340370
EVT001456,CUST00237,checkout_start,2026-02-24 04:28:00.115885
EVT001457,CUST00192,product_view,2026-08-10 00:57:09.926331
EVT001458,CUST00069,product_view,2026-07-20 05:22:26.678720
EVT001459,CUST00097,page_view,2026-05-24 21:26:19.816418
EVT001460,CUST00256,checkout_start,2026-07-26 11:46:50.943697
EVT001461,CUST00212,product_view,2026-03-16 07:20:59.240598
EVT001462,anon_bbadc013,checkout_start,2026-08-09 16:18:24.502123
EVT001463,CUST00157,page_view,2026-04-01 15:16:03.716046
EVT001464,CUST00019,page_view,2026-07-03 04:14:10.301355
EVT001465,CUST00289,add_to_cart,2026-05-19 06:17:45.179225
EVT001466,CUST00223,checkout_start,2026-03-08 04:58:20.465544
EVT001467,anon_b4ee24e0,checkout_start,2026-08-03 22:30:02.718988
EVT001468,CUST00250,checkout_start,2026-06-27 00:35:12.648986
EVT001469,anon_c238d945,product_view,2026-04-09 14:51:49.137362
EVT001470,anon_c0639ea4,add_to_cart,2026-03-28 01:05:37.153951
EVT001471,CUST00017,checkout_start,2026-03-22 09:19:00.325480
EVT001472,anon_83c62b22,page_view,2026-06-17 12:03:04.201245
EVT001473,anon_7792a1a9,add_to_cart,2026-07-06 06:02:50.237691
EVT001474,CUST00233,add_to_cart,2026-06-06 06:09:08.445056
EVT001475,CUST00296,add_to_cart,2026-07-05 13:07:45.599987
EVT001476,CUST00047,product_view,2026-05-28 13:23:23.790934
EVT001477,CUST00041,add_to_cart,2026-04-21 01:23:03.124042
EVT001478,anon_4002b3c9,add_to_cart,2026-04-17 12:53:53.562552
EVT001479,anon_b4906953,checkout_start,2026-03-14 17:39:02.051487
EVT001480,anon_ee8aa965,product_view,2026-04-30 17:41:28.312242
EVT001481,CUST00210,page_view,2026-04-03 15:32:37.867502
EVT001482,CUST00293,checkout_start,2026-06-29 08:53:54.293238
EVT001483,anon_48c33c61,checkout_start,2026-03-19 00:30:09.016396
EVT001484,anon_d480a16e,product_view,2026-03-22 00:57:28.156341
EVT001485,anon_e3ee0b7d,page_view,2026-06-04 16:47:09.531039
EVT001486,anon_56ee1ab3,product_view,2026-08-11 22:50:03.552429
EVT001487,CUST00035,product_view,2026-06-09 01:39:36.847268
EVT001488,CUST00147,product_view,2026-03-10 04:35:21.057321
EVT001489,CUST00191,add_to_cart,2026-07-09 11:46:27.299989
EVT001490,anon_09a3a846,add_to_cart,2026-05-21 01:49:59.929760
EVT001491,CUST00257,page_view,2026-05-15 10:55:37.396850
EVT001492,CUST00108,add_to_cart,2026-05-18 01:28:54.216231
EVT001493,CUST00093,add_to_cart,2026-04-22 22:27:48.163628
EVT001494,CUST00209,product_view,2026-03-06 15:29:55.601224
EVT001495,anon_78d6c8c8,page_view,2026-03-31 21:37:11.242193
EVT001496,anon_6d7fe049,add_to_cart,2026-03-31 05:16:59.692343
EVT001497,CUST00043,product_view,2026-08-08 14:28:54.607762
EVT001498,CUST00032,checkout_start,2026-05-28 19:47:00.217120
EVT001499,CUST00120,product_view,2026-05-21 17:02:42.908185
